GROUP,PACKAGE,CLASS,INSTRUCTION_MISSED,INSTRUCTION_COVERED,BRANCH_MISSED,BRANCH_COVERED,LINE_MISSED,LINE_COVERED,COMPLEXITY_MISSED,COMPLEXITY_COVERED,METHOD_MISSED,METHOD_COVERED
Apache Commons Math,org.apache.commons.math4.stat.descriptive,SummaryStatistics,96,874,19,41,28,169,28,42,9,31
Apache Commons Math,org.apache.commons.math4.stat.descriptive,AggregateSummaryStatistics,75,272,9,15,14,56,14,15,5,12
Apache Commons Math,org.apache.commons.math4.stat.descriptive,MultivariateSummaryStatistics,0,726,8,36,0,145,8,50,0,36
Apache Commons Math,org.apache.commons.math4.stat.descriptive,AbstractUnivariateStatistic,68,33,10,2,13,7,7,6,2,5
Apache Commons Math,org.apache.commons.math4.stat.descriptive,AbstractStorelessUnivariateStatistic,7,118,3,17,1,26,3,14,0,7
Apache Commons Math,org.apache.commons.math4.stat.descriptive,SynchronizedDescriptiveStatistics,9,73,0,0,4,28,2,14,2,14
Apache Commons Math,org.apache.commons.math4.stat.descriptive,DescriptiveStatistics,89,856,2,26,18,151,3,63,1,51
Apache Commons Math,org.apache.commons.math4.stat.descriptive,StatisticalSummaryValues,0,225,5,11,0,45,5,14,0,11
Apache Commons Math,org.apache.commons.math4.stat.descriptive,SynchronizedSummaryStatistics,72,77,0,0,29,30,13,24,13,24
Apache Commons Math,org.apache.commons.math4.stat.descriptive,SynchronizedMultivariateSummaryStatistics,0,104,0,0,0,41,0,31,0,31
Apache Commons Math,org.apache.commons.math4.stat.descriptive,AggregateSummaryStatistics.AggregatingSummaryStatistics,36,22,8,0,8,8,6,2,2,2
Apache Commons Math,org.apache.commons.math4.geometry.spherical.twod,Circle.CircleTransform,0,43,0,0,0,10,0,4,0,4
Apache Commons Math,org.apache.commons.math4.geometry.spherical.twod,S2Point,3,221,4,16,1,42,4,21,0,15
Apache Commons Math,org.apache.commons.math4.geometry.spherical.twod,PropertiesComputer,10,192,3,13,3,41,3,14,0,9
Apache Commons Math,org.apache.commons.math4.geometry.spherical.twod,Edge,35,236,1,11,4,47,1,14,0,9
Apache Commons Math,org.apache.commons.math4.geometry.spherical.twod,SphericalPolygonsSet,23,733,13,69,7,146,11,45,0,15
Apache Commons Math,org.apache.commons.math4.geometry.spherical.twod,Sphere2D,2,6,0,0,1,3,1,3,1,3
Apache Commons Math,org.apache.commons.math4.geometry.spherical.twod,Circle,6,218,0,2,1,43,1,24,1,23
Apache Commons Math,org.apache.commons.math4.geometry.spherical.twod,Vertex,2,77,1,5,1,23,1,10,0,8
Apache Commons Math,org.apache.commons.math4.geometry.spherical.twod,Sphere2D.LazyHolder,0,6,0,0,0,1,0,1,0,1
Apache Commons Math,org.apache.commons.math4.geometry.spherical.twod,SubCircle,0,82,0,8,0,14,0,7,0,3
Apache Commons Math,org.apache.commons.math4.geometry.spherical.twod,EdgesBuilder,7,251,1,23,1,52,1,18,0,7
Apache Commons Math,org.apache.commons.math4.optim.nonlinear.scalar,MultivariateFunctionMappingAdapter.UpperBoundMapper,0,20,0,0,0,5,0,3,0,3
Apache Commons Math,org.apache.commons.math4.optim.nonlinear.scalar,LeastSquaresConverter,25,175,3,15,3,35,3,10,0,4
Apache Commons Math,org.apache.commons.math4.optim.nonlinear.scalar,MultiStartMultivariateOptimizer,0,41,0,0,0,11,0,5,0,5
Apache Commons Math,org.apache.commons.math4.optim.nonlinear.scalar,MultivariateFunctionPenaltyAdapter,29,159,3,17,3,26,3,9,0,2
Apache Commons Math,org.apache.commons.math4.optim.nonlinear.scalar,MultivariateFunctionMappingAdapter.LowerUpperBoundMapper,0,27,0,0,0,6,0,3,0,3
Apache Commons Math,org.apache.commons.math4.optim.nonlinear.scalar,GoalType,0,24,0,0,0,3,0,1,0,1
Apache Commons Math,org.apache.commons.math4.optim.nonlinear.scalar,MultivariateFunctionMappingAdapter.LowerBoundMapper,0,18,0,0,0,5,0,3,0,3
Apache Commons Math,org.apache.commons.math4.optim.nonlinear.scalar,LineSearch.new UnivariateFunction() {...},0,49,0,2,0,6,0,3,0,2
Apache Commons Math,org.apache.commons.math4.optim.nonlinear.scalar,ObjectiveFunction,0,9,0,0,0,4,0,2,0,2
Apache Commons Math,org.apache.commons.math4.optim.nonlinear.scalar,GradientMultivariateOptimizer,0,42,1,3,0,10,1,5,0,4
Apache Commons Math,org.apache.commons.math4.optim.nonlinear.scalar,MultiStartMultivariateOptimizer.new Comparator() {...},11,31,5,3,2,7,4,2,0,2
Apache Commons Math,org.apache.commons.math4.optim.nonlinear.scalar,ObjectiveFunctionGradient,0,9,0,0,0,4,0,2,0,2
Apache Commons Math,org.apache.commons.math4.optim.nonlinear.scalar,MultivariateOptimizer,0,56,0,6,0,15,0,8,0,5
Apache Commons Math,org.apache.commons.math4.optim.nonlinear.scalar,LineSearch,0,88,0,0,0,14,0,2,0,2
Apache Commons Math,org.apache.commons.math4.optim.nonlinear.scalar,MultivariateFunctionMappingAdapter,21,165,2,16,2,26,2,11,0,4
Apache Commons Math,org.apache.commons.math4.optim.nonlinear.scalar,MultivariateFunctionMappingAdapter.NoBoundsMapper,0,4,0,0,0,2,0,2,0,2
Apache Commons Math,org.apache.commons.math4.analysis.integration,IterativeLegendreGaussIntegrator,7,157,1,7,1,34,1,9,0,6
Apache Commons Math,org.apache.commons.math4.analysis.integration,RombergIntegrator,20,145,4,8,6,31,4,6,1,3
Apache Commons Math,org.apache.commons.math4.analysis.integration,BaseAbstractUnivariateIntegrator,17,120,1,3,4,36,3,13,2,12
Apache Commons Math,org.apache.commons.math4.analysis.integration,SimpsonIntegrator,9,111,1,9,2,27,1,8,0,4
Apache Commons Math,org.apache.commons.math4.analysis.integration,TrapezoidIntegrator,20,162,4,10,6,37,4,8,1,4
Apache Commons Math,org.apache.commons.math4.analysis.integration,IterativeLegendreGaussIntegrator.new UnivariateFunction() {...},0,11,0,0,0,2,0,2,0,2
Apache Commons Math,org.apache.commons.math4.analysis.integration,MidPointIntegrator,10,147,3,9,3,32,3,8,0,5
Apache Commons Math,org.apache.commons.math4.stat.descriptive.rank,PSquarePercentile,18,363,4,42,2,74,4,34,0,15
Apache Commons Math,org.apache.commons.math4.stat.descriptive.rank,Median,13,29,0,0,3,6,2,4,2,4
Apache Commons Math,org.apache.commons.math4.stat.descriptive.rank,Min,6,102,0,12,3,28,1,14,1,8
Apache Commons Math,org.apache.commons.math4.stat.descriptive.rank,Percentile,33,462,3,42,9,104,3,46,1,24
Apache Commons Math,org.apache.commons.math4.stat.descriptive.rank,PSquarePercentile.Marker,61,423,6,42,7,65,7,32,1,14
Apache Commons Math,org.apache.commons.math4.stat.descriptive.rank,Max,6,102,0,12,3,28,1,14,1,8
Apache Commons Math,org.apache.commons.math4.stat.descriptive.rank,Percentile.EstimationType.new Percentile.EstimationType() {...},0,46,0,4,0,5,0,4,0,2
Apache Commons Math,org.apache.commons.math4.stat.descriptive.rank,PSquarePercentile.FixedCapacityList,2,38,3,5,0,7,3,4,0,3
Apache Commons Math,org.apache.commons.math4.stat.descriptive.rank,Percentile.EstimationType.new Percentile.EstimationType() {...},0,59,0,4,0,10,0,5,0,3
Apache Commons Math,org.apache.commons.math4.stat.descriptive.rank,Percentile.EstimationType.new Percentile.EstimationType() {...},0,24,0,2,0,4,0,3,0,2
Apache Commons Math,org.apache.commons.math4.stat.descriptive.rank,Percentile.EstimationType.new Percentile.EstimationType() {...},0,31,0,4,0,5,0,4,0,2
Apache Commons Math,org.apache.commons.math4.stat.descriptive.rank,Percentile.EstimationType.new Percentile.EstimationType() {...},0,33,0,2,0,4,0,4,0,3
Apache Commons Math,org.apache.commons.math4.stat.descriptive.rank,Percentile.EstimationType.new Percentile.EstimationType() {...},0,46,0,4,0,5,0,4,0,2
Apache Commons Math,org.apache.commons.math4.stat.descriptive.rank,Percentile.EstimationType.new Percentile.EstimationType() {...},0,44,0,4,0,5,0,4,0,2
Apache Commons Math,org.apache.commons.math4.stat.descriptive.rank,Percentile.EstimationType.new Percentile.EstimationType() {...},0,33,0,4,0,5,0,4,0,2
Apache Commons Math,org.apache.commons.math4.stat.descriptive.rank,Percentile.EstimationType.new Percentile.EstimationType() {...},0,32,0,4,0,5,0,4,0,2
Apache Commons Math,org.apache.commons.math4.stat.descriptive.rank,Percentile.EstimationType.new Percentile.EstimationType() {...},0,40,0,4,0,5,0,4,0,2
Apache Commons Math,org.apache.commons.math4.stat.descriptive.rank,Percentile.EstimationType,0,223,0,8,0,31,0,10,0,6
Apache Commons Math,org.apache.commons.math4.stat.descriptive.rank,PSquarePercentile.Markers,45,543,0,36,4,82,1,33,1,15
Apache Commons Math,org.apache.commons.math4.complex,ComplexUtils,2046,1782,212,102,291,393,147,113,41,62
Apache Commons Math,org.apache.commons.math4.complex,ComplexFormat,40,382,6,32,11,100,6,34,0,20
Apache Commons Math,org.apache.commons.math4.ml.neuralnet,Network.NeuronIdentifierComparator,3,20,2,2,0,4,2,2,0,2
Apache Commons Math,org.apache.commons.math4.ml.neuralnet,MapUtils.PairNeuronDouble,0,17,0,0,0,6,0,3,0,3
Apache Commons Math,org.apache.commons.math4.ml.neuralnet,FeatureInitializerFactory.new FeatureInitializer() {...},0,17,0,0,0,2,0,2,0,2
Apache Commons Math,org.apache.commons.math4.ml.neuralnet,FeatureInitializerFactory.new FeatureInitializer() {...},0,31,0,0,0,5,0,2,0,2
Apache Commons Math,org.apache.commons.math4.ml.neuralnet,Neuron.SerializationProxy,0,17,0,0,0,5,0,2,0,2
Apache Commons Math,org.apache.commons.math4.ml.neuralnet,Network.SerializationProxy,0,27,0,0,0,7,0,2,0,2
Apache Commons Math,org.apache.commons.math4.ml.neuralnet,Network,53,547,9,39,10,106,11,33,2,18
Apache Commons Math,org.apache.commons.math4.ml.neuralnet,MapUtils,343,86,32,8,71,20,21,6,5,2
Apache Commons Math,org.apache.commons.math4.ml.neuralnet,SquareNeighbourhood,0,24,0,0,0,3,0,1,0,1
Apache Commons Math,org.apache.commons.math4.ml.neuralnet,Neuron,20,143,2,10,3,33,3,14,1,10
Apache Commons Math,org.apache.commons.math4.ml.neuralnet,FeatureInitializerFactory,0,35,0,0,0,5,0,4,0,4
Apache Commons Math,org.apache.commons.math4.ml.neuralnet,MapUtils.PairNeuronDouble.new Comparator() {...},0,9,0,0,0,2,0,2,0,2
Apache Commons Math,org.apache.commons.math4.ml.neuralnet.twod.util,TopographicErrorHistogram,120,0,10,0,25,0,7,0,2,0
Apache Commons Math,org.apache.commons.math4.ml.neuralnet.twod.util,HitHistogram,92,0,8,0,22,0,6,0,2,0
Apache Commons Math,org.apache.commons.math4.ml.neuralnet.twod.util,QuantizationError,109,0,8,0,22,0,6,0,2,0
Apache Commons Math,org.apache.commons.math4.ml.neuralnet.twod.util,SmoothedDataHistogram,119,0,8,0,25,0,6,0,2,0
Apache Commons Math,org.apache.commons.math4.ml.neuralnet.twod.util,UnifiedDistanceMatrix,318,0,28,0,61,0,18,0,4,0
Apache Commons Math,org.apache.commons.math4.ml.neuralnet.twod.util,LocationFinder,4,58,1,5,1,11,1,4,0,2
Apache Commons Math,org.apache.commons.math4.ml.neuralnet.twod.util,LocationFinder.Location,0,15,0,0,0,6,0,3,0,3
Apache Commons Math,org.apache.commons.math4.optim,PointValuePair.DataTransferObject,0,20,0,0,0,5,0,2,0,2
Apache Commons Math,org.apache.commons.math4.optim,InitialGuess,0,13,0,0,0,4,0,2,0,2
Apache Commons Math,org.apache.commons.math4.optim,PointValuePair,4,45,2,4,0,10,2,6,0,5
Apache Commons Math,org.apache.commons.math4.optim,AbstractOptimizationProblem.MaxIterCallback,0,6,0,0,0,1,0,1,0,1
Apache Commons Math,org.apache.commons.math4.optim,BaseOptimizer.MaxIterCallback,0,6,0,0,0,1,0,1,0,1
Apache Commons Math,org.apache.commons.math4.optim,SimplePointChecker,0,85,2,10,0,21,2,7,0,3
Apache Commons Math,org.apache.commons.math4.optim,BaseMultivariateOptimizer,10,174,2,28,1,36,2,20,0,7
Apache Commons Math,org.apache.commons.math4.optim,SimpleVectorValueChecker,0,83,1,11,0,21,1,8,0,3
Apache Commons Math,org.apache.commons.math4.optim,BaseOptimizer.MaxEvalCallback,0,6,0,0,0,1,0,1,0,1
Apache Commons Math,org.apache.commons.math4.optim,MaxIter,11,11,1,1,2,5,2,2,1,2
Apache Commons Math,org.apache.commons.math4.optim,BaseOptimizer,13,104,0,6,4,27,2,13,2,10
Apache Commons Math,org.apache.commons.math4.optim,BaseMultiStartMultivariateOptimizer,44,189,12,22,8,46,10,11,0,4
Apache Commons Math,org.apache.commons.math4.optim,AbstractOptimizationProblem,0,40,0,0,0,10,0,5,0,5
Apache Commons Math,org.apache.commons.math4.optim,PointVectorValuePair,22,50,5,7,3,10,6,7,2,5
Apache Commons Math,org.apache.commons.math4.optim,PointVectorValuePair.DataTransferObject,0,22,0,0,0,5,0,2,0,2
Apache Commons Math,org.apache.commons.math4.optim,SimpleBounds,0,41,0,0,0,11,0,4,0,4
Apache Commons Math,org.apache.commons.math4.optim,AbstractConvergenceChecker,0,15,0,0,0,6,0,3,0,3
Apache Commons Math,org.apache.commons.math4.optim,MaxEval,11,11,1,1,2,5,2,2,1,2
Apache Commons Math,org.apache.commons.math4.optim,SimpleValueChecker,0,71,1,9,0,16,1,7,0,3
Apache Commons Math,org.apache.commons.math4.optim,AbstractOptimizationProblem.MaxEvalCallback,0,6,0,0,0,1,0,1,0,1
Apache Commons Math,org.apache.commons.math4.analysis.polynomials,PolynomialFunctionLagrangeForm,82,450,3,31,15,73,5,22,3,7
Apache Commons Math,org.apache.commons.math4.analysis.polynomials,PolynomialFunctionNewtonForm,37,258,3,15,7,44,5,14,2,8
Apache Commons Math,org.apache.commons.math4.analysis.polynomials,PolynomialsUtils.JacobiKey,3,38,4,4,1,8,4,3,0,3
Apache Commons Math,org.apache.commons.math4.analysis.polynomials,PolynomialFunction,127,463,16,46,26,82,15,32,3,13
Apache Commons Math,org.apache.commons.math4.analysis.polynomials,PolynomialsUtils,0,442,0,20,0,72,0,19,0,9
Apache Commons Math,org.apache.commons.math4.analysis.polynomials,PolynomialSplineFunction,69,218,11,19,10,36,8,15,1,7
Apache Commons Math,org.apache.commons.math4.analysis.polynomials,PolynomialFunction.Parametric,0,31,0,2,0,8,0,4,0,3
Apache Commons Math,org.apache.commons.math4.analysis.polynomials,PolynomialsUtils.new PolynomialsUtils.RecurrenceCoefficientsGenerator() {...},0,22,0,0,0,3,0,2,0,2
Apache Commons Math,org.apache.commons.math4.analysis.polynomials,PolynomialsUtils.new PolynomialsUtils.RecurrenceCoefficientsGenerator() {...},0,23,0,0,0,2,0,2,0,2
Apache Commons Math,org.apache.commons.math4.analysis.polynomials,PolynomialsUtils.new PolynomialsUtils.RecurrenceCoefficientsGenerator() {...},0,97,0,0,0,8,0,2,0,2
Apache Commons Math,org.apache.commons.math4.analysis.polynomials,PolynomialsUtils.new PolynomialsUtils.RecurrenceCoefficientsGenerator() {...},0,38,0,0,0,3,0,2,0,2
Apache Commons Math,org.apache.commons.math4.analysis.polynomials,PolynomialsUtils.new PolynomialsUtils.RecurrenceCoefficientsGenerator() {...},0,32,0,0,0,3,0,2,0,2
Apache Commons Math,org.apache.commons.math4.genetics,ChromosomePair,15,15,0,0,1,6,1,3,1,3
Apache Commons Math,org.apache.commons.math4.genetics,FixedElapsedTime,14,35,1,5,3,8,2,4,1,2
Apache Commons Math,org.apache.commons.math4.genetics,GeneticAlgorithm,25,148,6,12,6,39,7,14,1,11
Apache Commons Math,org.apache.commons.math4.genetics,TournamentSelection,26,62,1,3,5,13,3,4,2,3
Apache Commons Math,org.apache.commons.math4.genetics,OrderedCrossover,0,171,0,14,0,37,0,10,0,3
Apache Commons Math,org.apache.commons.math4.genetics,NPointCrossover,9,160,1,15,2,35,2,10,1,3
Apache Commons Math,org.apache.commons.math4.genetics,RandomKeyMutation,13,33,1,1,2,8,1,2,0,2
Apache Commons Math,org.apache.commons.math4.genetics,OnePointCrossover,14,95,3,7,2,18,3,5,0,3
Apache Commons Math,org.apache.commons.math4.genetics,TournamentSelection.new ListPopulation() {...},2,7,0,0,1,1,1,1,1,1
Apache Commons Math,org.apache.commons.math4.genetics,AbstractListChromosome,1,49,1,1,0,12,1,6,0,6
Apache Commons Math,org.apache.commons.math4.genetics,CycleCrossover,6,194,1,21,2,42,2,14,1,4
Apache Commons Math,org.apache.commons.math4.genetics,UniformCrossover,3,125,0,14,1,24,1,10,1,3
Apache Commons Math,org.apache.commons.math4.genetics,ElitisticListPopulation,0,87,0,6,0,20,0,8,0,5
Apache Commons Math,org.apache.commons.math4.genetics,BinaryMutation,7,41,1,3,1,8,1,3,0,2
Apache Commons Math,org.apache.commons.math4.genetics,InvalidRepresentationException,0,5,0,0,0,2,0,1,0,1
Apache Commons Math,org.apache.commons.math4.genetics,BinaryChromosome,2,96,1,15,1,22,1,12,0,5
Apache Commons Math,org.apache.commons.math4.genetics,RandomKey,32,305,3,29,4,63,4,24,1,11
Apache Commons Math,org.apache.commons.math4.genetics,FixedGenerationCount,12,26,1,3,2,9,2,3,1,2
Apache Commons Math,org.apache.commons.math4.genetics,Chromosome,2,54,1,7,1,15,2,8,1,5
Apache Commons Math,org.apache.commons.math4.genetics,ListPopulation,4,178,1,17,1,41,1,20,0,12
Apache Commons Math,org.apache.commons.math4.analysis.integration.gauss,BaseRuleFactory,19,134,2,8,4,28,2,8,0,5
Apache Commons Math,org.apache.commons.math4.analysis.integration.gauss,GaussIntegratorFactory,0,130,0,2,0,20,0,10,0,9
Apache Commons Math,org.apache.commons.math4.analysis.integration.gauss,HermiteRuleFactory,0,334,0,24,0,69,0,14,0,2
Apache Commons Math,org.apache.commons.math4.analysis.integration.gauss,LegendreHighPrecisionRuleFactory,0,514,0,24,0,98,0,15,0,3
Apache Commons Math,org.apache.commons.math4.analysis.integration.gauss,SymmetricGaussIntegrator,0,104,0,6,0,25,0,6,0,3
Apache Commons Math,org.apache.commons.math4.analysis.integration.gauss,GaussIntegrator,8,92,1,3,1,21,1,7,0,6
Apache Commons Math,org.apache.commons.math4.analysis.integration.gauss,LegendreRuleFactory,0,321,0,24,0,61,0,14,0,2
Apache Commons Math,org.apache.commons.math4.analysis.integration.gauss,LaguerreRuleFactory,0,126,0,8,0,24,0,7,0,3
Apache Commons Math,org.apache.commons.math4.stat.regression,RegressionResults,174,314,28,30,34,53,28,18,4,13
Apache Commons Math,org.apache.commons.math4.stat.regression,AbstractMultipleLinearRegression,38,402,6,42,6,78,7,37,1,19
Apache Commons Math,org.apache.commons.math4.stat.regression,ModelSpecificationException,0,5,0,0,0,2,0,1,0,1
Apache Commons Math,org.apache.commons.math4.stat.regression,SimpleRegression,400,1183,44,80,49,179,33,61,2,30
Apache Commons Math,org.apache.commons.math4.stat.regression,GLSMultipleLinearRegression,21,95,0,2,3,21,1,7,1,6
Apache Commons Math,org.apache.commons.math4.stat.regression,OLSMultipleLinearRegression,0,223,0,12,0,43,0,18,0,12
Apache Commons Math,org.apache.commons.math4.stat.regression,MillerUpdatingRegression,512,2528,66,208,83,429,57,104,2,22
Apache Commons Math,org.apache.commons.math4.ode.nonstiff,EulerIntegrator,0,25,0,0,0,5,0,2,0,2
Apache Commons Math,org.apache.commons.math4.ode.nonstiff,AdamsMoultonIntegrator,29,382,2,30,4,76,2,17,0,3
Apache Commons Math,org.apache.commons.math4.ode.nonstiff,EmbeddedRungeKuttaFieldIntegrator,9,723,0,50,3,101,3,33,3,8
Apache Commons Math,org.apache.commons.math4.ode.nonstiff,GraggBulirschStoerIntegrator,25,1985,22,212,7,305,22,109,0,13
Apache Commons Math,org.apache.commons.math4.ode.nonstiff,MidpointStepInterpolator,0,150,1,7,0,24,1,7,0,4
Apache Commons Math,org.apache.commons.math4.ode.nonstiff,AdamsBashforthFieldIntegrator,19,466,2,34,1,79,2,20,0,4
Apache Commons Math,org.apache.commons.math4.ode.nonstiff,EulerFieldStepInterpolator,0,83,1,3,0,9,1,4,0,3
Apache Commons Math,org.apache.commons.math4.ode.nonstiff,LutherIntegrator,0,288,0,0,0,6,0,2,0,2
Apache Commons Math,org.apache.commons.math4.ode.nonstiff,EmbeddedRungeKuttaIntegrator,0,626,0,54,0,112,0,36,0,9
Apache Commons Math,org.apache.commons.math4.ode.nonstiff,GillFieldStepInterpolator,0,296,1,3,0,33,1,4,0,3
Apache Commons Math,org.apache.commons.math4.ode.nonstiff,AdamsNordsieckFieldTransformer,0,500,0,32,0,75,0,23,0,7
Apache Commons Math,org.apache.commons.math4.ode.nonstiff,AdaptiveStepsizeIntegrator,17,395,7,39,3,83,6,29,0,12
Apache Commons Math,org.apache.commons.math4.ode.nonstiff,HighamHall54Integrator,0,331,0,6,0,19,0,8,0,5
Apache Commons Math,org.apache.commons.math4.ode.nonstiff,AdamsNordsieckTransformer,4,464,0,32,1,74,1,23,1,7
Apache Commons Math,org.apache.commons.math4.ode.nonstiff,GillFieldIntegrator,0,202,0,2,0,28,0,6,0,5
Apache Commons Math,org.apache.commons.math4.ode.nonstiff,ClassicalRungeKuttaFieldIntegrator,0,166,0,2,0,24,0,6,0,5
Apache Commons Math,org.apache.commons.math4.ode.nonstiff,AdaptiveStepsizeFieldIntegrator,90,448,14,28,10,77,13,19,3,8
Apache Commons Math,org.apache.commons.math4.ode.nonstiff,DormandPrince853FieldStepInterpolator,0,2259,1,7,0,182,1,7,0,4
Apache Commons Math,org.apache.commons.math4.ode.nonstiff,DormandPrince853FieldIntegrator,5,1978,1,7,1,229,1,11,0,8
Apache Commons Math,org.apache.commons.math4.ode.nonstiff,AdamsFieldStepInterpolator,18,206,0,6,1,31,1,7,1,4
Apache Commons Math,org.apache.commons.math4.ode.nonstiff,ThreeEighthesStepInterpolator,0,308,1,7,0,38,1,7,0,4
Apache Commons Math,org.apache.commons.math4.ode.nonstiff,RungeKuttaStepInterpolator,18,223,7,23,2,49,7,14,0,6
Apache Commons Math,org.apache.commons.math4.ode.nonstiff,HighamHall54StepInterpolator,0,449,1,7,0,41,1,7,0,4
Apache Commons Math,org.apache.commons.math4.ode.nonstiff,RungeKuttaIntegrator,7,543,1,43,1,82,1,24,0,3
Apache Commons Math,org.apache.commons.math4.ode.nonstiff,RungeKuttaFieldStepInterpolator,0,113,0,6,0,14,0,9,0,6
Apache Commons Math,org.apache.commons.math4.ode.nonstiff,MidpointIntegrator,0,42,0,0,0,5,0,2,0,2
Apache Commons Math,org.apache.commons.math4.ode.nonstiff,ClassicalRungeKuttaIntegrator,0,88,0,0,0,5,0,2,0,2
Apache Commons Math,org.apache.commons.math4.ode.nonstiff,AdamsMoultonFieldIntegrator,6,410,1,29,1,70,1,17,0,3
Apache Commons Math,org.apache.commons.math4.ode.nonstiff,DormandPrince54Integrator,0,318,0,4,0,16,0,7,0,5
Apache Commons Math,org.apache.commons.math4.ode.nonstiff,LutherStepInterpolator,0,722,1,7,0,50,1,8,0,5
Apache Commons Math,org.apache.commons.math4.ode.nonstiff,DormandPrince853Integrator,0,895,0,6,0,43,0,8,0,5
Apache Commons Math,org.apache.commons.math4.ode.nonstiff,EulerStepInterpolator,0,100,1,7,0,13,1,7,0,4
Apache Commons Math,org.apache.commons.math4.ode.nonstiff,AdamsMoultonFieldIntegrator.Corrector,15,157,2,6,0,23,2,6,0,4
Apache Commons Math,org.apache.commons.math4.ode.nonstiff,GraggBulirschStoerStepInterpolator,59,842,15,43,9,127,14,25,0,10
Apache Commons Math,org.apache.commons.math4.ode.nonstiff,ThreeEighthesIntegrator,0,88,0,0,0,5,0,2,0,2
Apache Commons Math,org.apache.commons.math4.ode.nonstiff,ClassicalRungeKuttaStepInterpolator,0,269,1,7,0,35,1,7,0,4
Apache Commons Math,org.apache.commons.math4.ode.nonstiff,AdamsFieldIntegrator,0,52,0,0,0,10,0,5,0,5
Apache Commons Math,org.apache.commons.math4.ode.nonstiff,DormandPrince54FieldStepInterpolator,0,918,1,3,0,124,1,4,0,3
Apache Commons Math,org.apache.commons.math4.ode.nonstiff,GillStepInterpolator,0,307,1,7,0,43,1,8,0,5
Apache Commons Math,org.apache.commons.math4.ode.nonstiff,ClassicalRungeKuttaFieldStepInterpolator,0,254,1,3,0,26,1,4,0,3
Apache Commons Math,org.apache.commons.math4.ode.nonstiff,LutherFieldStepInterpolator,0,778,1,3,0,48,1,4,0,3
Apache Commons Math,org.apache.commons.math4.ode.nonstiff,RungeKuttaFieldIntegrator,9,571,1,39,1,73,1,23,0,4
Apache Commons Math,org.apache.commons.math4.ode.nonstiff,MidpointFieldStepInterpolator,0,128,1,3,0,16,1,4,0,3
Apache Commons Math,org.apache.commons.math4.ode.nonstiff,DormandPrince54FieldIntegrator,0,566,0,6,0,75,0,11,0,8
Apache Commons Math,org.apache.commons.math4.ode.nonstiff,GillIntegrator,0,117,0,0,0,8,0,2,0,2
Apache Commons Math,org.apache.commons.math4.ode.nonstiff,AdamsIntegrator,0,48,0,0,0,10,0,5,0,5
Apache Commons Math,org.apache.commons.math4.ode.nonstiff,HighamHall54FieldIntegrator,0,591,0,8,0,76,0,12,0,8
Apache Commons Math,org.apache.commons.math4.ode.nonstiff,DormandPrince853StepInterpolator,21,1578,5,43,4,116,5,29,0,10
Apache Commons Math,org.apache.commons.math4.ode.nonstiff,EulerFieldIntegrator,0,47,0,0,0,8,0,5,0,5
Apache Commons Math,org.apache.commons.math4.ode.nonstiff,MidpointFieldIntegrator,0,77,0,0,0,13,0,5,0,5
Apache Commons Math,org.apache.commons.math4.ode.nonstiff,ThreeEighthesFieldStepInterpolator,0,277,1,3,0,27,1,4,0,3
Apache Commons Math,org.apache.commons.math4.ode.nonstiff,HighamHall54FieldStepInterpolator,0,439,1,3,0,30,1,4,0,3
Apache Commons Math,org.apache.commons.math4.ode.nonstiff,DormandPrince54StepInterpolator,0,454,1,15,0,62,1,13,0,6
Apache Commons Math,org.apache.commons.math4.ode.nonstiff,LutherFieldIntegrator,0,448,0,2,0,47,0,6,0,5
Apache Commons Math,org.apache.commons.math4.ode.nonstiff,AdamsMoultonIntegrator.Corrector,13,132,2,6,0,21,2,6,0,4
Apache Commons Math,org.apache.commons.math4.ode.nonstiff,AdamsBashforthIntegrator,40,433,3,35,4,83,3,20,0,4
Apache Commons Math,org.apache.commons.math4.ode.nonstiff,ThreeEighthesFieldIntegrator,0,172,0,2,0,24,0,6,0,5
Apache Commons Math,org.apache.commons.math4.stat.descriptive.summary,Sum,14,116,2,6,4,32,4,11,2,9
Apache Commons Math,org.apache.commons.math4.stat.descriptive.summary,SumOfSquares,6,90,1,3,3,26,2,9,1,8
Apache Commons Math,org.apache.commons.math4.stat.descriptive.summary,Product,6,124,2,6,3,33,3,12,1,10
Apache Commons Math,org.apache.commons.math4.stat.descriptive.summary,SumOfLogs,6,87,1,3,3,26,2,9,1,8
Apache Commons Math,org.apache.commons.math4.fraction,FractionConversionException,0,37,0,0,0,4,0,2,0,2
Apache Commons Math,org.apache.commons.math4.fraction,BigFraction,142,1156,29,109,30,250,29,95,5,50
Apache Commons Math,org.apache.commons.math4.fraction,Fraction,26,895,8,90,5,179,8,73,0,32
Apache Commons Math,org.apache.commons.math4.fraction,BigFractionField,0,10,0,0,0,5,0,5,0,5
Apache Commons Math,org.apache.commons.math4.fraction,FractionField,0,10,0,0,0,5,0,5,0,5
Apache Commons Math,org.apache.commons.math4.fraction,BigFractionField.LazyHolder,0,6,0,0,0,1,0,1,0,1
Apache Commons Math,org.apache.commons.math4.fraction,FractionField.LazyHolder,0,6,0,0,0,1,0,1,0,1
Apache Commons Math,org.apache.commons.math4.optim.linear,UnboundedSolutionException,0,6,0,0,0,2,0,1,0,1
Apache Commons Math,org.apache.commons.math4.optim.linear,SolutionCallback,0,25,0,4,0,5,0,6,0,4
Apache Commons Math,org.apache.commons.math4.optim.linear,LinearObjectiveFunction,14,77,4,4,3,20,5,9,1,9
Apache Commons Math,org.apache.commons.math4.optim.linear,LinearConstraint,60,87,6,6,15,24,7,10,2,9
Apache Commons Math,org.apache.commons.math4.optim.linear,LinearConstraintSet,29,17,2,0,4,5,2,2,1,2
Apache Commons Math,org.apache.commons.math4.optim.linear,SimplexSolver,18,400,3,61,6,101,5,39,2,10
Apache Commons Math,org.apache.commons.math4.optim.linear,NonNegativeConstraint,0,9,0,0,0,4,0,2,0,2
Apache Commons Math,org.apache.commons.math4.optim.linear,NoFeasibleSolutionException,0,6,0,0,0,2,0,1,0,1
Apache Commons Math,org.apache.commons.math4.optim.linear,SimplexTableau,49,1165,11,131,10,213,14,95,3,35
Apache Commons Math,org.apache.commons.math4.optim.linear,LinearOptimizer,0,64,0,8,0,18,0,10,0,6
Apache Commons Math,org.apache.commons.math4.optim.linear,Relationship,3,56,0,3,1,11,1,5,1,3
Apache Commons Math,org.apache.commons.math4.optim.linear,PivotSelectionRule,0,24,0,0,0,3,0,1,0,1
Apache Commons Math,org.apache.commons.math4.analysis.solvers,AllowedSolution,0,54,0,0,0,6,0,1,0,1
Apache Commons Math,org.apache.commons.math4.analysis.solvers,MullerSolver,11,320,5,31,5,59,6,17,1,4
Apache Commons Math,org.apache.commons.math4.analysis.solvers,LaguerreSolver.ComplexSolver,39,293,9,21,7,59,8,11,0,4
Apache Commons Math,org.apache.commons.math4.analysis.solvers,AbstractPolynomialSolver,11,19,0,0,4,6,2,3,2,3
Apache Commons Math,org.apache.commons.math4.analysis.solvers,IllinoisSolver,18,5,0,0,6,2,3,1,3,1
Apache Commons Math,org.apache.commons.math4.analysis.solvers,RegulaFalsiSolver,18,5,0,0,6,2,3,1,3,1
Apache Commons Math,org.apache.commons.math4.analysis.solvers,MullerSolver2,19,238,5,15,6,49,6,8,1,3
Apache Commons Math,org.apache.commons.math4.analysis.solvers,AbstractUnivariateDifferentiableSolver,6,28,0,0,2,7,1,3,1,3
Apache Commons Math,org.apache.commons.math4.analysis.solvers,BaseSecantSolver,12,262,3,45,3,65,3,33,0,7
Apache Commons Math,org.apache.commons.math4.analysis.solvers,RiddersSolver,13,166,4,12,6,46,5,7,1,3
Apache Commons Math,org.apache.commons.math4.analysis.solvers,FieldBracketingNthOrderBrentSolver,44,652,5,61,8,121,8,37,3,7
Apache Commons Math,org.apache.commons.math4.analysis.solvers,BrentSolver,11,339,1,39,4,81,3,23,2,4
Apache Commons Math,org.apache.commons.math4.analysis.solvers,NewtonRaphsonSolver,0,54,0,2,0,14,0,5,0,4
Apache Commons Math,org.apache.commons.math4.analysis.solvers,PegasusSolver,5,18,0,0,2,6,1,3,1,3
Apache Commons Math,org.apache.commons.math4.analysis.solvers,BaseSecantSolver.Method,0,34,0,0,0,4,0,1,0,1
Apache Commons Math,org.apache.commons.math4.analysis.solvers,LaguerreSolver,83,136,8,8,17,29,9,7,3,5
Apache Commons Math,org.apache.commons.math4.analysis.solvers,UnivariateSolverUtils,126,358,19,49,28,72,14,32,1,11
Apache Commons Math,org.apache.commons.math4.analysis.solvers,BaseAbstractUnivariateSolver,4,150,0,0,1,44,1,21,1,21
Apache Commons Math,org.apache.commons.math4.analysis.solvers,BisectionSolver,5,57,0,4,2,17,1,5,1,3
Apache Commons Math,org.apache.commons.math4.analysis.solvers,AbstractUnivariateSolver,0,15,0,0,0,6,0,3,0,3
Apache Commons Math,org.apache.commons.math4.analysis.solvers,SecantSolver,11,93,1,9,5,26,3,6,2,2
Apache Commons Math,org.apache.commons.math4.analysis.solvers,BracketingNthOrderBrentSolver,4,662,1,65,1,131,1,43,0,9
Apache Commons Math,org.apache.commons.math4.ml.neuralnet.sofm,NeighbourhoodSizeFunctionFactory.new NeighbourhoodSizeFunction() {...},0,30,0,0,0,3,0,2,0,2
Apache Commons Math,org.apache.commons.math4.ml.neuralnet.sofm,NeighbourhoodSizeFunctionFactory.new NeighbourhoodSizeFunction() {...},0,30,0,0,0,3,0,2,0,2
Apache Commons Math,org.apache.commons.math4.ml.neuralnet.sofm,KohonenTrainingTask,0,27,0,2,0,8,0,3,0,2
Apache Commons Math,org.apache.commons.math4.ml.neuralnet.sofm,LearningFactorFunctionFactory.new LearningFactorFunction() {...},0,28,0,0,0,3,0,2,0,2
Apache Commons Math,org.apache.commons.math4.ml.neuralnet.sofm,LearningFactorFunctionFactory.new LearningFactorFunction() {...},0,28,0,0,0,3,0,2,0,2
Apache Commons Math,org.apache.commons.math4.ml.neuralnet.sofm,LearningFactorFunctionFactory,0,50,0,8,0,6,0,6,0,2
Apache Commons Math,org.apache.commons.math4.ml.neuralnet.sofm,KohonenUpdateAction,4,159,1,9,1,38,2,10,1,6
Apache Commons Math,org.apache.commons.math4.ml.neuralnet.sofm,NeighbourhoodSizeFunctionFactory,0,14,0,0,0,2,0,2,0,2
Apache Commons Math,org.apache.commons.math4.util,CompositeFormat,0,214,1,27,0,56,1,21,0,8
Apache Commons Math,org.apache.commons.math4.util,Incrementor,9,69,1,7,2,22,1,13,0,10
Apache Commons Math,org.apache.commons.math4.util,MathArrays.new Comparator() {...},0,9,0,0,0,2,0,2,0,2
Apache Commons Math,org.apache.commons.math4.util,MathArrays.new Comparator() {...},0,9,0,0,0,2,0,2,0,2
Apache Commons Math,org.apache.commons.math4.util,FastMathCalc,1917,0,62,0,275,0,48,0,17,0
Apache Commons Math,org.apache.commons.math4.util,BigReal,13,400,0,4,6,76,4,33,4,31
Apache Commons Math,org.apache.commons.math4.util,OpenIntToDoubleHashMap.Iterator,16,97,4,12,4,24,4,9,0,5
Apache Commons Math,org.apache.commons.math4.util,MathArrays,156,1419,44,200,26,289,29,143,2,47
Apache Commons Math,org.apache.commons.math4.util,Decimal64Field,0,13,0,0,0,5,0,5,0,5
Apache Commons Math,org.apache.commons.math4.util,DefaultTransformer,2,44,0,6,1,12,1,6,1,3
Apache Commons Math,org.apache.commons.math4.util,FastMath,251,8312,56,794,41,1452,47,471,3,87
Apache Commons Math,org.apache.commons.math4.util,IterationEvent,0,10,0,0,0,4,0,2,0,2
Apache Commons Math,org.apache.commons.math4.util,ResizableDoubleArray.ExpansionMode,0,24,0,0,0,3,0,1,0,1
Apache Commons Math,org.apache.commons.math4.util,IntegerSequence,0,12,0,0,0,2,0,2,0,2
Apache Commons Math,org.apache.commons.math4.util,MultidimensionalCounter.Iterator,11,93,1,7,3,16,4,7,3,4
Apache Commons Math,org.apache.commons.math4.util,CombinatoricsUtils,7,218,2,26,1,36,2,14,0,2
Apache Commons Math,org.apache.commons.math4.util,FastMathLiteralArrays,0,33548,0,0,0,10,0,6,0,6
Apache Commons Math,org.apache.commons.math4.util,Incrementor.new Incrementor.MaxCountExceededCallback() {...},0,9,0,0,0,2,0,2,0,2
Apache Commons Math,org.apache.commons.math4.util,IterationManager,25,96,0,8,7,27,3,13,3,9
Apache Commons Math,org.apache.commons.math4.util,MedianOf3PivotingStrategy,0,66,0,10,0,14,0,7,0,2
Apache Commons Math,org.apache.commons.math4.util,FastMath.CodyWaite,0,92,0,2,0,24,0,5,0,4
Apache Commons Math,org.apache.commons.math4.util,IntegerSequence.Range,0,48,0,4,0,12,0,5,0,3
Apache Commons Math,org.apache.commons.math4.util,CentralPivotingStrategy,15,3,0,0,2,1,1,1,1,1
Apache Commons Math,org.apache.commons.math4.util,OpenIntToFieldHashMap.Iterator,17,96,4,12,5,23,4,9,0,5
Apache Commons Math,org.apache.commons.math4.util,BigRealField.LazyHolder,0,6,0,0,0,1,0,1,0,1
Apache Commons Math,org.apache.commons.math4.util,IntegerSequence.Incrementor.new IntegerSequence.Incrementor.MaxCountExceededCallback() {...},0,9,0,0,0,2,0,2,0,2
Apache Commons Math,org.apache.commons.math4.util,FastMath.lnMant,0,3,0,0,0,2,0,1,0,1
Apache Commons Math,org.apache.commons.math4.util,KthSelector,0,211,1,37,0,47,1,23,0,5
Apache Commons Math,org.apache.commons.math4.util,FastMath.ExpIntTable,0,5,0,0,0,3,0,1,0,1
Apache Commons Math,org.apache.commons.math4.util,OpenIntToDoubleHashMap,0,682,0,68,0,157,0,58,0,24
Apache Commons Math,org.apache.commons.math4.util,FastMath.ExpFracTable,0,5,0,0,0,3,0,1,0,1
Apache Commons Math,org.apache.commons.math4.util,Decimal64,58,613,2,12,11,86,11,67,9,62
Apache Commons Math,org.apache.commons.math4.util,MathArrays.OrderDirection,0,24,0,0,0,3,0,1,0,1
Apache Commons Math,org.apache.commons.math4.util,IntegerSequence.Incrementor,20,167,1,15,5,33,4,20,3,13
Apache Commons Math,org.apache.commons.math4.util,MathUtils,40,196,22,44,4,37,16,31,0,14
Apache Commons Math,org.apache.commons.math4.util,MathArrays.PairDoubleInteger,0,15,0,0,0,6,0,3,0,3
Apache Commons Math,org.apache.commons.math4.util,TransformerMap,36,134,8,12,10,31,8,14,1,11
Apache Commons Math,org.apache.commons.math4.util,MultidimensionalCounter,30,229,2,22,4,45,2,18,1,7
Apache Commons Math,org.apache.commons.math4.util,RandomPivotingStrategy,48,14,0,0,10,4,3,1,3,1
Apache Commons Math,org.apache.commons.math4.util,ResizableDoubleArray,29,800,7,73,5,167,7,69,0,36
Apache Commons Math,org.apache.commons.math4.util,FastMath.Split,9,234,1,21,1,37,1,17,0,7
Apache Commons Math,org.apache.commons.math4.util,BigRealField,2,8,0,0,1,4,1,4,1,4
Apache Commons Math,org.apache.commons.math4.util,Pair,13,111,5,15,3,21,6,14,1,9
Apache Commons Math,org.apache.commons.math4.util,OpenIntToFieldHashMap,12,695,0,68,5,155,2,57,2,23
Apache Commons Math,org.apache.commons.math4.distribution,MultivariateNormalDistribution.new MultivariateRealDistribution.Sampler() {...},0,65,0,4,0,10,0,4,0,2
Apache Commons Math,org.apache.commons.math4.distribution,EmpiricalDistribution.DataAdapter,0,6,0,0,0,1,0,1,0,1
Apache Commons Math,org.apache.commons.math4.distribution,AbstractRealDistribution.new UnivariateFunction() {...},0,17,0,0,0,2,0,2,0,2
Apache Commons Math,org.apache.commons.math4.distribution,AbstractRealDistribution.new ContinuousDistribution.Sampler() {...},0,23,0,0,0,4,0,2,0,2
Apache Commons Math,org.apache.commons.math4.distribution,AbstractRealDistribution.new ContinuousInverseCumulativeProbabilityFunction() {...},0,11,0,0,0,2,0,2,0,2
Apache Commons Math,org.apache.commons.math4.distribution,MultivariateNormalDistribution,60,211,6,18,10,40,6,13,1,6
Apache Commons Math,org.apache.commons.math4.distribution,EnumeratedIntegerDistribution.new DiscreteDistribution.Sampler() {...},0,23,0,0,0,4,0,2,0,2
Apache Commons Math,org.apache.commons.math4.distribution,AbstractMultivariateRealDistribution,7,28,1,3,2,9,1,4,0,3
Apache Commons Math,org.apache.commons.math4.distribution,EnumeratedRealDistribution.new ContinuousDistribution.Sampler() {...},0,23,0,0,0,4,0,2,0,2
Apache Commons Math,org.apache.commons.math4.distribution,MixtureMultivariateNormalDistribution,0,48,0,2,0,9,0,4,0,3
Apache Commons Math,org.apache.commons.math4.distribution,AbstractIntegerDistribution,65,182,16,26,11,42,18,12,3,6
Apache Commons Math,org.apache.commons.math4.distribution,MixtureMultivariateRealDistribution.MixtureSampler,88,0,8,0,17,0,6,0,2,0
Apache Commons Math,org.apache.commons.math4.distribution,MixtureMultivariateRealDistribution,15,165,1,13,2,27,2,9,1,3
Apache Commons Math,org.apache.commons.math4.distribution,EmpiricalDistribution.StreamDataAdapter,0,78,0,4,0,23,0,5,0,3
Apache Commons Math,org.apache.commons.math4.distribution,EnumeratedIntegerDistribution,0,352,0,30,0,61,0,26,0,11
Apache Commons Math,org.apache.commons.math4.distribution,EmpiricalDistribution,45,685,7,45,15,132,12,43,5,24
Apache Commons Math,org.apache.commons.math4.distribution,EnumeratedDistribution.Sampler,56,39,9,3,14,9,6,4,1,3
Apache Commons Math,org.apache.commons.math4.distribution,EnumeratedDistribution,5,175,4,18,0,32,3,12,0,4
Apache Commons Math,org.apache.commons.math4.distribution,AbstractIntegerDistribution.new DiscreteInverseCumulativeProbabilityFunction() {...},11,0,0,0,2,0,2,0,2,0
Apache Commons Math,org.apache.commons.math4.distribution,AbstractIntegerDistribution.new DiscreteDistribution.Sampler() {...},23,0,0,0,4,0,2,0,2,0
Apache Commons Math,org.apache.commons.math4.distribution,AbstractRealDistribution,73,178,21,21,15,40,18,12,1,8
Apache Commons Math,org.apache.commons.math4.distribution,EmpiricalDistribution.ArrayDataAdapter,0,67,0,4,0,14,0,5,0,3
Apache Commons Math,org.apache.commons.math4.distribution,EnumeratedRealDistribution,10,408,3,37,1,74,3,30,0,13
Apache Commons Math,org.apache.commons.math4.geometry.spherical.oned,SubLimitAngle,0,38,0,2,0,7,0,6,0,5
Apache Commons Math,org.apache.commons.math4.geometry.spherical.oned,LimitAngle,4,75,1,5,1,15,2,12,1,10
Apache Commons Math,org.apache.commons.math4.geometry.spherical.oned,ArcsSet.SubArcsIterator,4,176,2,24,1,38,2,16,0,5
Apache Commons Math,org.apache.commons.math4.geometry.spherical.oned,S1Point,3,88,2,8,1,24,2,14,0,11
Apache Commons Math,org.apache.commons.math4.geometry.spherical.oned,ArcsSet.InconsistentStateAt2PiWrapping,0,6,0,0,0,2,0,1,0,1
Apache Commons Math,org.apache.commons.math4.geometry.spherical.oned,ArcsSet.Split,0,32,0,6,0,13,0,7,0,4
Apache Commons Math,org.apache.commons.math4.geometry.spherical.oned,Sphere1D.LazyHolder,0,6,0,0,0,1,0,1,0,1
Apache Commons Math,org.apache.commons.math4.geometry.spherical.oned,Sphere1D.NoSubSpaceException,0,11,0,0,0,2,0,1,0,1
Apache Commons Math,org.apache.commons.math4.geometry.spherical.oned,Sphere1D,0,10,0,0,0,4,0,4,0,4
Apache Commons Math,org.apache.commons.math4.geometry.spherical.oned,Arc,3,131,0,16,1,23,1,14,1,6
Apache Commons Math,org.apache.commons.math4.geometry.spherical.oned,ArcsSet,116,1065,15,111,18,215,13,80,1,29
Apache Commons Math,org.apache.commons.math4.geometry,VectorFormat,37,150,1,15,13,37,8,12,7,5
Apache Commons Math,org.apache.commons.math4.stat.ranking,NaturalRanking,24,497,2,54,8,112,5,45,3,15
Apache Commons Math,org.apache.commons.math4.stat.ranking,TiesStrategy,0,54,0,0,0,6,0,1,0,1
Apache Commons Math,org.apache.commons.math4.stat.ranking,NaturalRanking.IntDoublePair,0,21,0,0,0,7,0,4,0,4
Apache Commons Math,org.apache.commons.math4.stat.ranking,NaNStrategy,0,54,0,0,0,6,0,1,0,1
Apache Commons Math,org.apache.commons.math4.fitting.leastsquares,LeastSquaresAdapter,0,35,0,0,0,10,0,8,0,8
Apache Commons Math,org.apache.commons.math4.fitting.leastsquares,LevenbergMarquardtOptimizer.InternalData,0,21,0,0,0,8,0,1,0,1
Apache Commons Math,org.apache.commons.math4.fitting.leastsquares,DifferentiatorVectorMultivariateJacobianFunction,0,113,0,4,0,23,0,6,0,4
Apache Commons Math,org.apache.commons.math4.fitting.leastsquares,OptimumImpl,4,53,0,0,1,15,1,11,1,11
Apache Commons Math,org.apache.commons.math4.fitting.leastsquares,LeastSquaresFactory.LocalLeastSquaresProblem.UnweightedEvaluation,0,25,0,0,0,8,0,4,0,4
Apache Commons Math,org.apache.commons.math4.fitting.leastsquares,GaussNewtonOptimizer.Decomposition,0,44,0,0,0,5,0,1,0,1
Apache Commons Math,org.apache.commons.math4.fitting.leastsquares,GaussNewtonOptimizer.Decomposition.new GaussNewtonOptimizer.Decomposition() {...},0,39,0,0,0,10,0,2,0,2
Apache Commons Math,org.apache.commons.math4.fitting.leastsquares,GaussNewtonOptimizer.Decomposition.new GaussNewtonOptimizer.Decomposition() {...},0,14,0,0,0,4,0,2,0,2
Apache Commons Math,org.apache.commons.math4.fitting.leastsquares,GaussNewtonOptimizer.Decomposition.new GaussNewtonOptimizer.Decomposition() {...},0,40,0,0,0,10,0,2,0,2
Apache Commons Math,org.apache.commons.math4.fitting.leastsquares,GaussNewtonOptimizer.Decomposition.new GaussNewtonOptimizer.Decomposition() {...},0,27,0,0,0,6,0,2,0,2
Apache Commons Math,org.apache.commons.math4.fitting.leastsquares,LeastSquaresFactory,54,77,0,6,5,16,5,8,5,5
Apache Commons Math,org.apache.commons.math4.fitting.leastsquares,DenseWeightedEvaluation,0,29,0,0,0,7,0,4,0,4
Apache Commons Math,org.apache.commons.math4.fitting.leastsquares,EvaluationRmsChecker,5,31,0,4,2,8,1,4,1,2
Apache Commons Math,org.apache.commons.math4.fitting.leastsquares,LevenbergMarquardtOptimizer,90,1997,16,186,17,361,20,99,5,13
Apache Commons Math,org.apache.commons.math4.fitting.leastsquares,LeastSquaresFactory.LocalLeastSquaresProblem.LazyUnweightedEvaluation,20,14,0,0,3,5,3,1,3,1
Apache Commons Math,org.apache.commons.math4.fitting.leastsquares,LeastSquaresFactory.new ConvergenceChecker() {...},0,31,0,0,0,6,0,2,0,2
Apache Commons Math,org.apache.commons.math4.fitting.leastsquares,LeastSquaresFactory.new LeastSquaresAdapter() {...},14,0,0,0,3,0,2,0,2,0
Apache Commons Math,org.apache.commons.math4.fitting.leastsquares,LeastSquaresFactory.new LeastSquaresAdapter() {...},0,16,0,0,0,2,0,2,0,2
Apache Commons Math,org.apache.commons.math4.fitting.leastsquares,GaussNewtonOptimizer,28,174,1,17,6,41,5,11,4,3
Apache Commons Math,org.apache.commons.math4.fitting.leastsquares,LeastSquaresFactory.LocalLeastSquaresProblem,2,99,1,9,0,21,1,9,0,5
Apache Commons Math,org.apache.commons.math4.fitting.leastsquares,LeastSquaresFactory.LocalValueAndJacobianFunction,0,40,0,0,0,8,0,4,0,4
Apache Commons Math,org.apache.commons.math4.fitting.leastsquares,AbstractEvaluation,0,83,0,2,0,19,0,8,0,7
Apache Commons Math,org.apache.commons.math4.fitting.leastsquares,LeastSquaresBuilder,5,90,0,0,2,22,1,14,1,14
Apache Commons Math,org.apache.commons.math4.ml.neuralnet.oned,NeuronString.SerializationProxy,0,17,0,0,0,5,0,2,0,2
Apache Commons Math,org.apache.commons.math4.ml.neuralnet.oned,NeuronString,39,237,4,18,5,40,6,13,2,6
Apache Commons Math,org.apache.commons.math4.analysis.function,Inverse,0,10,0,0,0,3,0,3,0,3
Apache Commons Math,org.apache.commons.math4.analysis.function,Asin,0,9,0,0,0,3,0,3,0,3
Apache Commons Math,org.apache.commons.math4.analysis.function,Gaussian.Parametric,0,124,0,6,0,21,0,7,0,4
Apache Commons Math,org.apache.commons.math4.analysis.function,Tanh,0,9,0,0,0,3,0,3,0,3
Apache Commons Math,org.apache.commons.math4.analysis.function,Floor,0,6,0,0,0,2,0,2,0,2
Apache Commons Math,org.apache.commons.math4.analysis.function,StepFunction,0,78,0,14,0,19,0,9,0,2
Apache Commons Math,org.apache.commons.math4.analysis.function,Constant,0,19,0,0,0,5,0,3,0,3
Apache Commons Math,org.apache.commons.math4.analysis.function,Add,0,7,0,0,0,2,0,2,0,2
Apache Commons Math,org.apache.commons.math4.analysis.function,Expm1,0,9,0,0,0,3,0,3,0,3
Apache Commons Math,org.apache.commons.math4.analysis.function,Atan2,0,7,0,0,0,2,0,2,0,2
Apache Commons Math,org.apache.commons.math4.analysis.function,Abs,0,6,0,0,0,2,0,2,0,2
Apache Commons Math,org.apache.commons.math4.analysis.function,Subtract,0,7,0,0,0,2,0,2,0,2
Apache Commons Math,org.apache.commons.math4.analysis.function,Atanh,0,9,0,0,0,3,0,3,0,3
Apache Commons Math,org.apache.commons.math4.analysis.function,Sqrt,0,9,0,0,0,3,0,3,0,3
Apache Commons Math,org.apache.commons.math4.analysis.function,Cos,0,9,0,0,0,3,0,3,0,3
Apache Commons Math,org.apache.commons.math4.analysis.function,Multiply,0,7,0,0,0,2,0,2,0,2
Apache Commons Math,org.apache.commons.math4.analysis.function,Divide,0,7,0,0,0,2,0,2,0,2
Apache Commons Math,org.apache.commons.math4.analysis.function,Cbrt,0,9,0,0,0,3,0,3,0,3
Apache Commons Math,org.apache.commons.math4.analysis.function,Sinh,0,9,0,0,0,3,0,3,0,3
Apache Commons Math,org.apache.commons.math4.analysis.function,Sinc,2,353,2,24,0,50,2,15,0,4
Apache Commons Math,org.apache.commons.math4.analysis.function,Sigmoid.Parametric,0,57,0,4,0,11,0,6,0,4
Apache Commons Math,org.apache.commons.math4.analysis.function,Asinh,0,9,0,0,0,3,0,3,0,3
Apache Commons Math,org.apache.commons.math4.analysis.function,Pow,0,7,0,0,0,2,0,2,0,2
Apache Commons Math,org.apache.commons.math4.analysis.function,Exp,0,9,0,0,0,3,0,3,0,3
Apache Commons Math,org.apache.commons.math4.analysis.function,Cosh,0,9,0,0,0,3,0,3,0,3
Apache Commons Math,org.apache.commons.math4.analysis.function,Gaussian,0,207,0,14,0,37,0,13,0,6
Apache Commons Math,org.apache.commons.math4.analysis.function,Atan,0,9,0,0,0,3,0,3,0,3
Apache Commons Math,org.apache.commons.math4.analysis.function,Log,0,9,0,0,0,3,0,3,0,3
Apache Commons Math,org.apache.commons.math4.analysis.function,HarmonicOscillator.Parametric,0,88,0,4,0,17,0,6,0,4
Apache Commons Math,org.apache.commons.math4.analysis.function,Log1p,0,9,0,0,0,3,0,3,0,3
Apache Commons Math,org.apache.commons.math4.analysis.function,Sin,0,9,0,0,0,3,0,3,0,3
Apache Commons Math,org.apache.commons.math4.analysis.function,Logistic,0,94,0,2,0,13,0,5,0,4
Apache Commons Math,org.apache.commons.math4.analysis.function,Sigmoid,0,161,0,8,0,28,0,9,0,5
Apache Commons Math,org.apache.commons.math4.analysis.function,Ulp,0,6,0,0,0,2,0,2,0,2
Apache Commons Math,org.apache.commons.math4.analysis.function,Ceil,0,6,0,0,0,2,0,2,0,2
Apache Commons Math,org.apache.commons.math4.analysis.function,Minus,0,9,0,0,0,3,0,3,0,3
Apache Commons Math,org.apache.commons.math4.analysis.function,Log10,0,9,0,0,0,3,0,3,0,3
Apache Commons Math,org.apache.commons.math4.analysis.function,Logit.Parametric,30,33,0,4,4,8,1,5,1,3
Apache Commons Math,org.apache.commons.math4.analysis.function,Acos,0,9,0,0,0,3,0,3,0,3
Apache Commons Math,org.apache.commons.math4.analysis.function,Identity,0,7,0,0,0,3,0,3,0,3
Apache Commons Math,org.apache.commons.math4.analysis.function,Logistic.Parametric,27,156,0,6,2,25,1,6,1,3
Apache Commons Math,org.apache.commons.math4.analysis.function,Max,0,7,0,0,0,2,0,2,0,2
Apache Commons Math,org.apache.commons.math4.analysis.function,Rint,0,6,0,0,0,2,0,2,0,2
Apache Commons Math,org.apache.commons.math4.analysis.function,Acosh,0,9,0,0,0,3,0,3,0,3
Apache Commons Math,org.apache.commons.math4.analysis.function,Logit,5,168,0,16,2,27,1,12,1,4
Apache Commons Math,org.apache.commons.math4.analysis.function,Signum,0,6,0,0,0,2,0,2,0,2
Apache Commons Math,org.apache.commons.math4.analysis.function,Min,0,7,0,0,0,2,0,2,0,2
Apache Commons Math,org.apache.commons.math4.analysis.function,HarmonicOscillator,0,98,0,4,0,17,0,6,0,4
Apache Commons Math,org.apache.commons.math4.analysis.function,Tan,0,9,0,0,0,3,0,3,0,3
Apache Commons Math,org.apache.commons.math4.analysis.function,Power,0,16,0,0,0,5,0,3,0,3
Apache Commons Math,org.apache.commons.math4.ml.clustering,CentroidCluster,0,9,0,0,0,4,0,2,0,2
Apache Commons Math,org.apache.commons.math4.ml.clustering,KMeansPlusPlusClusterer.EmptyClusterStrategy,0,44,0,0,0,5,0,1,0,1
Apache Commons Math,org.apache.commons.math4.ml.clustering,Clusterer,0,17,0,0,0,5,0,3,0,3
Apache Commons Math,org.apache.commons.math4.ml.clustering,Cluster,0,17,0,0,0,6,0,3,0,3
Apache Commons Math,org.apache.commons.math4.ml.clustering,KMeansPlusPlusClusterer,252,453,38,50,65,104,31,31,8,9
Apache Commons Math,org.apache.commons.math4.ml.clustering,FuzzyKMeansClusterer,98,512,14,42,21,104,13,33,4,14
Apache Commons Math,org.apache.commons.math4.ml.clustering,DoublePoint,6,47,1,3,2,12,2,6,1,5
Apache Commons Math,org.apache.commons.math4.ml.clustering,MultiKMeansPlusPlusClusterer,9,58,0,4,3,16,3,5,3,3
Apache Commons Math,org.apache.commons.math4.ml.clustering,DBSCANClusterer,0,219,0,28,0,55,0,22,0,8
Apache Commons Math,org.apache.commons.math4.ml.clustering,DBSCANClusterer.PointStatus,0,24,0,0,0,3,0,1,0,1
Apache Commons Math,org.apache.commons.math4.geometry.euclidean.oned,Euclidean1D.NoSubSpaceException,0,11,0,0,0,2,0,1,0,1
Apache Commons Math,org.apache.commons.math4.geometry.euclidean.oned,Euclidean1D.LazyHolder,0,6,0,0,0,1,0,1,0,1
Apache Commons Math,org.apache.commons.math4.geometry.euclidean.oned,OrientedPoint,2,77,1,5,0,18,1,14,0,12
Apache Commons Math,org.apache.commons.math4.geometry.euclidean.oned,IntervalsSet,3,681,6,86,0,136,6,67,0,27
Apache Commons Math,org.apache.commons.math4.geometry.euclidean.oned,Euclidean1D,0,10,0,0,0,4,0,4,0,4
Apache Commons Math,org.apache.commons.math4.geometry.euclidean.oned,Vector1D,0,3,0,0,0,1,0,1,0,1
Apache Commons Math,org.apache.commons.math4.geometry.euclidean.oned,Interval,0,77,0,10,0,16,0,11,0,6
Apache Commons Math,org.apache.commons.math4.geometry.euclidean.oned,SubOrientedPoint,0,54,0,4,0,13,0,7,0,5
Apache Commons Math,org.apache.commons.math4.geometry.euclidean.oned,IntervalsSet.SubIntervalsIterator,8,162,1,21,2,34,2,14,1,4
Apache Commons Math,org.apache.commons.math4.geometry.euclidean.oned,Cartesian1D,0,353,0,16,0,74,0,44,0,36
Apache Commons Math,org.apache.commons.math4.geometry.euclidean.oned,Vector1DFormat,15,77,1,3,4,19,2,9,1,8
Apache Commons Math,org.apache.commons.math4.stat.inference,ChiSquareTest,26,570,8,56,4,101,8,35,0,11
Apache Commons Math,org.apache.commons.math4.stat.inference,MannWhitneyUTest,10,183,0,10,3,31,1,11,1,6
Apache Commons Math,org.apache.commons.math4.stat.inference,GTest,14,549,6,50,2,85,6,33,0,11
Apache Commons Math,org.apache.commons.math4.stat.inference,BinomialTest,39,141,5,23,4,35,5,13,0,3
Apache Commons Math,org.apache.commons.math4.stat.inference,WilcoxonSignedRankTest,18,289,2,34,5,55,3,24,1,8
Apache Commons Math,org.apache.commons.math4.stat.inference,InferenceTestUtils,63,226,0,0,11,44,11,40,11,40
Apache Commons Math,org.apache.commons.math4.stat.inference,OneWayAnova,11,265,2,18,2,55,2,15,0,7
Apache Commons Math,org.apache.commons.math4.stat.inference,KolmogorovSmirnovTest,444,1601,58,142,66,291,48,83,4,27
Apache Commons Math,org.apache.commons.math4.stat.inference,AlternativeHypothesis,0,34,0,0,0,4,0,1,0,1
Apache Commons Math,org.apache.commons.math4.stat.inference,TTest,23,581,1,23,5,98,2,41,1,30
Apache Commons Math,org.apache.commons.math4.stat.inference,OneWayAnova.AnovaStats,0,12,0,0,0,5,0,1,0,1
Apache Commons Math,org.apache.commons.math4.ml.clustering.evaluation,SumOfClusterVariances,0,54,1,5,0,13,1,4,0,2
Apache Commons Math,org.apache.commons.math4.ml.clustering.evaluation,ClusterEvaluator,8,98,1,11,3,19,2,9,1,4
Apache Commons Math,org.apache.commons.math4.analysis.interpolation,LinearInterpolator,0,108,0,8,0,18,0,6,0,2
Apache Commons Math,org.apache.commons.math4.analysis.interpolation,BicubicFunction,20,139,4,10,2,21,4,6,0,3
Apache Commons Math,org.apache.commons.math4.analysis.interpolation,TricubicFunction,30,202,6,18,3,25,6,8,0,2
Apache Commons Math,org.apache.commons.math4.analysis.interpolation,DividedDifferenceInterpolator,0,100,0,4,0,17,0,5,0,3
Apache Commons Math,org.apache.commons.math4.analysis.interpolation,MicrosphereProjectionInterpolator,38,80,8,8,6,18,8,3,0,3
Apache Commons Math,org.apache.commons.math4.analysis.interpolation,InterpolatingMicrosphere.FacetData,0,15,0,0,0,6,0,3,0,3
Apache Commons Math,org.apache.commons.math4.analysis.interpolation,TricubicInterpolator.new TricubicInterpolatingFunction() {...},58,26,12,0,3,1,7,1,1,1
Apache Commons Math,org.apache.commons.math4.analysis.interpolation,TricubicInterpolatingFunction,126,18146,22,70,9,104,17,35,1,5
Apache Commons Math,org.apache.commons.math4.analysis.interpolation,BicubicInterpolator.new BicubicInterpolatingFunction() {...},0,58,0,8,0,4,0,6,0,2
Apache Commons Math,org.apache.commons.math4.analysis.interpolation,FieldHermiteInterpolator,0,415,0,30,0,64,0,19,0,4
Apache Commons Math,org.apache.commons.math4.analysis.interpolation,InterpolatingMicrosphere2D,9,38,0,2,3,6,2,2,2,1
Apache Commons Math,org.apache.commons.math4.analysis.interpolation,InterpolatingMicrosphere.Facet,0,9,0,0,0,4,0,2,0,2
Apache Commons Math,org.apache.commons.math4.analysis.interpolation,InterpolatingMicrosphere,118,277,11,31,21,58,13,19,3,8
Apache Commons Math,org.apache.commons.math4.analysis.interpolation,TricubicInterpolator,4,502,4,16,1,51,4,8,0,2
Apache Commons Math,org.apache.commons.math4.analysis.interpolation,NevilleInterpolator,0,9,0,0,0,2,0,2,0,2
Apache Commons Math,org.apache.commons.math4.analysis.interpolation,LoessInterpolator,33,544,4,48,6,110,6,30,2,8
Apache Commons Math,org.apache.commons.math4.analysis.interpolation,UnivariatePeriodicInterpolator.new UnivariateFunction() {...},0,23,0,0,0,2,0,2,0,2
Apache Commons Math,org.apache.commons.math4.analysis.interpolation,BicubicInterpolatingFunction,4,1664,6,42,1,63,6,24,0,6
Apache Commons Math,org.apache.commons.math4.analysis.interpolation,SplineInterpolator,0,330,0,12,0,38,0,8,0,2
Apache Commons Math,org.apache.commons.math4.analysis.interpolation,PiecewiseBicubicSplineInterpolatingFunction,61,255,16,36,5,48,13,17,1,3
Apache Commons Math,org.apache.commons.math4.analysis.interpolation,UnivariatePeriodicInterpolator,0,165,0,6,0,28,0,6,0,3
Apache Commons Math,org.apache.commons.math4.analysis.interpolation,MicrosphereProjectionInterpolator.new MultivariateFunction() {...},0,30,0,0,0,4,0,2,0,2
Apache Commons Math,org.apache.commons.math4.analysis.interpolation,BicubicInterpolator,4,188,3,9,1,28,3,5,0,2
Apache Commons Math,org.apache.commons.math4.analysis.interpolation,AkimaSplineInterpolator,27,480,3,23,4,63,3,14,0,4
Apache Commons Math,org.apache.commons.math4.analysis.interpolation,HermiteInterpolator,18,406,1,29,1,63,1,21,0,7
Apache Commons Math,org.apache.commons.math4.analysis.interpolation,PiecewiseBicubicSplineInterpolator,4,37,4,10,1,7,4,5,0,2
Apache Commons Math,org.apache.commons.math4.ml.distance,CanberraDistance,0,53,0,6,0,8,0,5,0,2
Apache Commons Math,org.apache.commons.math4.ml.distance,ManhattanDistance,0,7,0,0,0,2,0,2,0,2
Apache Commons Math,org.apache.commons.math4.ml.distance,ChebyshevDistance,0,7,0,0,0,2,0,2,0,2
Apache Commons Math,org.apache.commons.math4.ml.distance,EuclideanDistance,0,7,0,0,0,2,0,2,0,2
Apache Commons Math,org.apache.commons.math4.ml.distance,EarthMoversDistance,0,37,0,2,0,9,0,3,0,2
Apache Commons Math,org.apache.commons.math4.exception.util,LocalizedFormats,5,3661,1,3,3,340,1,5,0,4
Apache Commons Math,org.apache.commons.math4.exception.util,ExceptionContext,3,342,0,20,1,79,1,27,1,17
Apache Commons Math,org.apache.commons.math4.exception.util,DummyLocalizable,15,0,0,0,6,0,4,0,4,0
Apache Commons Math,org.apache.commons.math4.exception.util,ArgUtils,0,56,1,7,0,8,1,4,0,1
Apache Commons Math,org.apache.commons.math4.optim.univariate,SearchInterval,19,43,3,3,2,12,3,5,0,5
Apache Commons Math,org.apache.commons.math4.optim.univariate,MultiStartUnivariateOptimizer.new Comparator() {...},6,33,3,5,1,8,3,3,0,2
Apache Commons Math,org.apache.commons.math4.optim.univariate,UnivariatePointValuePair,0,15,0,0,0,6,0,3,0,3
Apache Commons Math,org.apache.commons.math4.optim.univariate,SimpleUnivariateValueChecker,0,67,1,9,0,16,1,7,0,3
Apache Commons Math,org.apache.commons.math4.optim.univariate,BrentOptimizer,23,470,5,69,6,115,5,37,0,5
Apache Commons Math,org.apache.commons.math4.optim.univariate,BracketFinder,35,340,9,37,7,80,12,22,5,6
Apache Commons Math,org.apache.commons.math4.optim.univariate,UnivariateObjectiveFunction,0,9,0,0,0,4,0,2,0,2
Apache Commons Math,org.apache.commons.math4.optim.univariate,BracketFinder.FunctionEvaluator,7,35,0,0,2,9,0,2,0,2
Apache Commons Math,org.apache.commons.math4.optim.univariate,MultiStartUnivariateOptimizer,13,213,2,18,2,49,2,14,0,6
Apache Commons Math,org.apache.commons.math4.optim.univariate,UnivariateOptimizer,0,84,0,8,0,24,0,12,0,8
Apache Commons Math,org.apache.commons.math4.stat.interval,NormalApproximationInterval,0,54,0,0,0,8,0,2,0,2
Apache Commons Math,org.apache.commons.math4.stat.interval,WilsonScoreInterval,0,91,0,0,0,15,0,2,0,2
Apache Commons Math,org.apache.commons.math4.stat.interval,AgrestiCoullInterval,0,69,0,0,0,11,0,2,0,2
Apache Commons Math,org.apache.commons.math4.stat.interval,ClopperPearsonInterval,0,104,1,1,0,13,1,2,0,2
Apache Commons Math,org.apache.commons.math4.stat.interval,ConfidenceInterval,61,39,3,3,3,12,4,5,1,5
Apache Commons Math,org.apache.commons.math4.stat.interval,IntervalUtils,0,92,0,10,0,19,0,11,0,6
Apache Commons Math,org.apache.commons.math4.stat.correlation,KendallsCorrelation,13,407,1,31,3,85,2,22,1,7
Apache Commons Math,org.apache.commons.math4.stat.correlation,Covariance,41,226,4,12,5,48,5,17,1,13
Apache Commons Math,org.apache.commons.math4.stat.correlation,SpearmansCorrelation,11,164,3,11,2,34,4,13,1,9
Apache Commons Math,org.apache.commons.math4.stat.correlation,PearsonsCorrelation,15,386,3,27,2,75,3,25,0,13
Apache Commons Math,org.apache.commons.math4.stat.correlation,StorelessCovariance,56,162,7,15,9,27,7,16,3,9
Apache Commons Math,org.apache.commons.math4.stat.correlation,KendallsCorrelation.new Comparator() {...},0,26,0,2,0,3,0,3,0,2
Apache Commons Math,org.apache.commons.math4.stat.correlation,StorelessBivariateCovariance,20,155,2,2,4,26,3,5,1,5
Apache Commons Math,org.apache.commons.math4.ml.neuralnet.twod,NeuronSquareMesh2D.SerializationProxy,0,27,0,0,0,7,0,2,0,2
Apache Commons Math,org.apache.commons.math4.ml.neuralnet.twod,NeuronSquareMesh2D,111,864,10,139,21,152,11,80,3,11
Apache Commons Math,org.apache.commons.math4.ml.neuralnet.twod,NeuronSquareMesh2D.VerticalDirection,0,34,0,0,0,4,0,1,0,1
Apache Commons Math,org.apache.commons.math4.ml.neuralnet.twod,NeuronSquareMesh2D.HorizontalDirection,0,34,0,0,0,4,0,1,0,1
Apache Commons Math,org.apache.commons.math4.random,CorrelatedRandomVectorGenerator,50,103,3,7,12,19,4,7,2,4
Apache Commons Math,org.apache.commons.math4.random,StableRandomGenerator,80,170,5,19,9,31,4,10,0,2
Apache Commons Math,org.apache.commons.math4.random,RngAdaptor,69,91,0,2,19,26,6,11,6,10
Apache Commons Math,org.apache.commons.math4.random,UncorrelatedRandomVectorGenerator,8,70,1,3,1,16,1,4,0,3
Apache Commons Math,org.apache.commons.math4.random,HaltonSequenceGenerator,0,493,0,16,0,33,0,15,0,7
Apache Commons Math,org.apache.commons.math4.random,RandomUtils.DataGenerator,18,273,3,35,4,57,3,21,0,5
Apache Commons Math,org.apache.commons.math4.random,RandomUtils.new UniformRandomProvider() {...},64,26,5,1,14,7,8,5,5,5
Apache Commons Math,org.apache.commons.math4.random,UniformRandomGenerator,0,20,0,0,0,5,0,3,0,3
Apache Commons Math,org.apache.commons.math4.random,RandomUtils,4,10,0,0,1,2,1,2,1,2
Apache Commons Math,org.apache.commons.math4.random,GaussianRandomGenerator,0,13,0,0,0,4,0,2,0,2
Apache Commons Math,org.apache.commons.math4.random,SynchronizedRandomGenerator,15,40,0,0,6,12,3,9,3,9
Apache Commons Math,org.apache.commons.math4.random,SobolSequenceGenerator,41,440,6,36,13,85,6,23,0,8
Apache Commons Math,org.apache.commons.math4.geometry.euclidean.twod,PolygonsSet.Edge,0,76,0,0,0,21,0,7,0,7
Apache Commons Math,org.apache.commons.math4.geometry.euclidean.twod,PolygonsSet.ConnectableSegment,0,54,0,0,0,20,0,10,0,10
Apache Commons Math,org.apache.commons.math4.geometry.euclidean.twod,DiskGenerator,0,297,0,6,0,33,0,6,0,3
Apache Commons Math,org.apache.commons.math4.geometry.euclidean.twod,Line,105,464,5,15,26,79,11,35,7,29
Apache Commons Math,org.apache.commons.math4.geometry.euclidean.twod,Euclidean2D,0,8,0,0,0,4,0,4,0,4
Apache Commons Math,org.apache.commons.math4.geometry.euclidean.twod,PolygonsSet.SegmentsBuilder,0,178,1,19,0,41,1,16,0,7
Apache Commons Math,org.apache.commons.math4.geometry.euclidean.twod,Cartesian2D,21,648,6,28,4,102,8,50,2,39
Apache Commons Math,org.apache.commons.math4.geometry.euclidean.twod,Segment,14,97,2,2,3,16,2,5,0,5
Apache Commons Math,org.apache.commons.math4.geometry.euclidean.twod,PolygonsSet.Vertex,0,79,0,6,0,24,0,11,0,8
Apache Commons Math,org.apache.commons.math4.geometry.euclidean.twod,Vector2DFormat,15,85,1,3,4,19,2,9,1,8
Apache Commons Math,org.apache.commons.math4.geometry.euclidean.twod,Euclidean2D.LazyHolder,0,6,0,0,0,1,0,1,0,1
Apache Commons Math,org.apache.commons.math4.geometry.euclidean.twod,SubLine,0,323,0,28,0,54,0,22,0,8
Apache Commons Math,org.apache.commons.math4.geometry.euclidean.twod,PolygonsSet,40,1220,20,161,8,252,16,92,0,17
Apache Commons Math,org.apache.commons.math4.geometry.euclidean.twod,NestedLoops,75,205,15,13,16,46,11,9,0,6
Apache Commons Math,org.apache.commons.math4.geometry.euclidean.twod,Line.LineTransform,7,184,1,1,1,30,1,4,0,4
Apache Commons Math,org.apache.commons.math4.geometry.euclidean.twod,Vector2D,0,3,0,0,0,1,0,1,0,1
Apache Commons Math,org.apache.commons.math4.ml.neuralnet.sofm.util,QuasiSigmoidDecayFunction,0,83,0,6,0,18,0,5,0,2
Apache Commons Math,org.apache.commons.math4.ml.neuralnet.sofm.util,ExponentialDecayFunction,0,70,0,8,0,13,0,6,0,2
Apache Commons Math,org.apache.commons.math4.ode.sampling,AbstractFieldStepInterpolator,0,83,0,0,0,18,0,8,0,8
Apache Commons Math,org.apache.commons.math4.ode.sampling,StepNormalizerBounds,0,69,0,0,0,11,0,4,0,4
Apache Commons Math,org.apache.commons.math4.ode.sampling,DummyStepHandler.LazyHolder,6,0,0,0,1,0,1,0,1,0
Apache Commons Math,org.apache.commons.math4.ode.sampling,AbstractStepInterpolator,92,651,9,25,15,171,10,33,1,25
Apache Commons Math,org.apache.commons.math4.ode.sampling,StepNormalizerMode,0,24,0,0,0,3,0,1,0,1
Apache Commons Math,org.apache.commons.math4.ode.sampling,NordsieckStepInterpolator,27,386,11,27,7,80,12,17,1,9
Apache Commons Math,org.apache.commons.math4.ode.sampling,FieldStepNormalizer,250,0,32,0,53,0,24,0,8,0
Apache Commons Math,org.apache.commons.math4.ode.sampling,DummyStepHandler,6,0,0,0,4,0,4,0,4,0
Apache Commons Math,org.apache.commons.math4.ode.sampling,StepNormalizer,19,268,1,33,5,59,3,23,2,7
Apache Commons Math,org.apache.commons.math4.geometry.euclidean.twod.hull,MonotoneChain.new Comparator() {...},0,28,0,2,0,6,0,3,0,2
Apache Commons Math,org.apache.commons.math4.geometry.euclidean.twod.hull,MonotoneChain,8,236,4,28,2,50,5,16,1,4
Apache Commons Math,org.apache.commons.math4.geometry.euclidean.twod.hull,AbstractConvexHullGenerator2D,0,52,0,2,0,16,0,6,0,5
Apache Commons Math,org.apache.commons.math4.geometry.euclidean.twod.hull,AklToussaintHeuristic,4,219,3,41,2,44,3,22,0,3
Apache Commons Math,org.apache.commons.math4.geometry.euclidean.twod.hull,ConvexHull2D,4,279,2,28,1,53,2,19,0,6
Apache Commons Math,org.apache.commons.math4.special,BesselJ,68,1298,19,113,12,242,20,51,2,3
Apache Commons Math,org.apache.commons.math4.special,BesselJ.BesselJResult,10,12,0,0,2,4,2,1,2,1
Apache Commons Math,org.apache.commons.math4.geometry.partitioning,AbstractRegion,33,610,11,73,6,138,13,57,2,25
Apache Commons Math,org.apache.commons.math4.geometry.partitioning,RegionFactory.NodesCleaner,0,13,0,0,0,5,0,4,0,4
Apache Commons Math,org.apache.commons.math4.geometry.partitioning,BoundaryAttribute,0,21,0,0,0,8,0,4,0,4
Apache Commons Math,org.apache.commons.math4.geometry.partitioning,BoundaryProjection,0,21,0,0,0,8,0,4,0,4
Apache Commons Math,org.apache.commons.math4.geometry.partitioning,RegionFactory.DifferenceMerger,8,74,3,7,0,17,2,6,0,3
Apache Commons Math,org.apache.commons.math4.geometry.partitioning,Side,0,44,0,0,0,5,0,1,0,1
Apache Commons Math,org.apache.commons.math4.geometry.partitioning,BSPTree,76,922,14,85,19,208,12,65,0,24
Apache Commons Math,org.apache.commons.math4.geometry.partitioning,Characterization,0,177,1,19,0,43,1,20,0,10
Apache Commons Math,org.apache.commons.math4.geometry.partitioning,RegionFactory.VanishingToLeaf,22,9,2,0,3,3,2,1,1,1
Apache Commons Math,org.apache.commons.math4.geometry.partitioning,BoundaryBuilder,0,104,0,14,0,27,0,11,0,4
Apache Commons Math,org.apache.commons.math4.geometry.partitioning,AbstractSubHyperplane,9,199,2,14,0,40,2,15,0,9
Apache Commons Math,org.apache.commons.math4.geometry.partitioning,BoundaryProjector,2,216,4,26,0,51,4,20,0,9
Apache Commons Math,org.apache.commons.math4.geometry.partitioning,AbstractRegion.new Comparator() {...},0,25,0,4,0,4,0,4,0,2
Apache Commons Math,org.apache.commons.math4.geometry.partitioning,AbstractRegion.new BSPTreeVisitor() {...},0,25,1,3,0,7,1,5,0,4
Apache Commons Math,org.apache.commons.math4.geometry.partitioning,BSPTreeVisitor.Order,0,64,0,0,0,7,0,1,0,1
Apache Commons Math,org.apache.commons.math4.geometry.partitioning,NodesSet,0,49,0,6,0,14,0,7,0,4
Apache Commons Math,org.apache.commons.math4.geometry.partitioning,RegionFactory.XorMerger,0,30,0,2,0,6,0,3,0,2
Apache Commons Math,org.apache.commons.math4.geometry.partitioning,RegionFactory,2,341,3,32,1,66,3,24,0,9
Apache Commons Math,org.apache.commons.math4.geometry.partitioning,RegionFactory.IntersectionMerger,0,35,0,2,0,6,0,3,0,2
Apache Commons Math,org.apache.commons.math4.geometry.partitioning,RegionFactory.UnionMerger,0,35,0,2,0,6,0,3,0,2
Apache Commons Math,org.apache.commons.math4.geometry.partitioning,Region.Location,0,34,0,0,0,4,0,1,0,1
Apache Commons Math,org.apache.commons.math4.geometry.partitioning,SubHyperplane.SplitSubHyperplane,0,44,1,11,0,13,1,9,0,4
Apache Commons Math,org.apache.commons.math4.geometry.partitioning,InsideFinder,205,0,50,0,42,0,30,0,4,0
Apache Commons Math,org.apache.commons.math4.geometry.partitioning,BoundarySizeVisitor,0,39,0,4,0,13,0,7,0,5
Apache Commons Math,org.apache.commons.math4.stat.descriptive.moment,SemiVariance,87,141,0,12,22,32,9,14,9,8
Apache Commons Math,org.apache.commons.math4.stat.descriptive.moment,VectorialMean,22,103,4,12,7,20,5,9,1,5
Apache Commons Math,org.apache.commons.math4.stat.descriptive.moment,StandardDeviation,41,92,0,0,9,27,5,12,5,12
Apache Commons Math,org.apache.commons.math4.stat.descriptive.moment,ThirdMoment,0,109,0,2,0,29,0,8,0,7
Apache Commons Math,org.apache.commons.math4.stat.descriptive.moment,Kurtosis,6,240,3,13,3,48,4,14,1,9
Apache Commons Math,org.apache.commons.math4.stat.descriptive.moment,Mean,8,175,3,9,4,42,4,14,1,11
Apache Commons Math,org.apache.commons.math4.stat.descriptive.moment,Skewness,9,232,2,14,3,51,3,15,1,9
Apache Commons Math,org.apache.commons.math4.stat.descriptive.moment,FourthMoment,6,107,0,2,3,26,1,7,1,6
Apache Commons Math,org.apache.commons.math4.stat.descriptive.moment,Variance,53,423,14,32,10,98,17,27,3,18
Apache Commons Math,org.apache.commons.math4.stat.descriptive.moment,FirstMoment,6,102,0,2,3,31,1,8,1,7
Apache Commons Math,org.apache.commons.math4.stat.descriptive.moment,SecondMoment,8,67,0,2,3,20,1,7,1,6
Apache Commons Math,org.apache.commons.math4.stat.descriptive.moment,VectorialCovariance,60,214,9,19,13,39,9,12,1,6
Apache Commons Math,org.apache.commons.math4.stat.descriptive.moment,GeometricMean,22,87,1,3,6,27,3,12,2,11
Apache Commons Math,org.apache.commons.math4.stat.descriptive.moment,SemiVariance.Direction,0,37,0,0,0,7,0,3,0,3
Apache Commons Math,org.apache.commons.math4.geometry.enclosing,WelzlEncloser,4,207,1,19,1,45,1,14,0,5
Apache Commons Math,org.apache.commons.math4.geometry.enclosing,EnclosingBall,0,55,0,4,0,11,0,9,0,7
Apache Commons Math,org.apache.commons.math4.optim.nonlinear.scalar.gradient,NonLinearConjugateGradientOptimizer.IdentityPreconditioner,0,7,0,0,0,2,0,2,0,2
Apache Commons Math,org.apache.commons.math4.optim.nonlinear.scalar.gradient,NonLinearConjugateGradientOptimizer.Formula,0,24,0,0,0,3,0,1,0,1
Apache Commons Math,org.apache.commons.math4.optim.nonlinear.scalar.gradient,NonLinearConjugateGradientOptimizer,9,297,5,28,3,61,5,19,0,7
Apache Commons Math,org.apache.commons.math4.exception,TooManyIterationsException,0,10,0,0,0,3,0,1,0,1
Apache Commons Math,org.apache.commons.math4.exception,MaxCountExceededException,0,30,0,0,0,7,0,3,0,3
Apache Commons Math,org.apache.commons.math4.exception,NotStrictlyPositiveException,0,13,0,0,0,4,0,2,0,2
Apache Commons Math,org.apache.commons.math4.exception,NullArgumentException,11,20,0,0,3,6,3,2,3,2
Apache Commons Math,org.apache.commons.math4.exception,MathInternalError,29,0,0,0,7,0,3,0,3,0
Apache Commons Math,org.apache.commons.math4.exception,MathRuntimeException,15,25,0,0,4,7,1,4,1,4
Apache Commons Math,org.apache.commons.math4.exception,MathIllegalStateException,6,11,0,0,2,4,1,2,1,2
Apache Commons Math,org.apache.commons.math4.exception,NoBracketingException,12,52,0,0,4,8,4,2,4,2
Apache Commons Math,org.apache.commons.math4.exception,ZeroException,0,12,0,0,0,4,0,2,0,2
Apache Commons Math,org.apache.commons.math4.exception,NotANumberException,0,8,0,0,0,2,0,1,0,1
Apache Commons Math,org.apache.commons.math4.exception,MathArithmeticException,6,5,0,0,2,2,1,1,1,1
Apache Commons Math,org.apache.commons.math4.exception,NonMonotonicSequenceException,0,68,0,6,0,13,0,9,0,6
Apache Commons Math,org.apache.commons.math4.exception,NotFiniteNumberException,0,12,0,0,0,4,0,2,0,2
Apache Commons Math,org.apache.commons.math4.exception,NumberIsTooLargeException,0,34,0,2,0,8,0,5,0,4
Apache Commons Math,org.apache.commons.math4.exception,TooManyEvaluationsException,0,10,0,0,0,3,0,1,0,1
Apache Commons Math,org.apache.commons.math4.exception,NoDataException,0,10,0,0,0,4,0,2,0,2
Apache Commons Math,org.apache.commons.math4.exception,NotPositiveException,0,13,0,0,0,4,0,2,0,2
Apache Commons Math,org.apache.commons.math4.exception,OutOfRangeException,0,34,0,0,0,8,0,4,0,4
Apache Commons Math,org.apache.commons.math4.exception,MathIllegalNumberException,0,24,0,0,0,5,0,3,0,3
Apache Commons Math,org.apache.commons.math4.exception,ConvergenceException,0,14,0,0,0,5,0,2,0,2
Apache Commons Math,org.apache.commons.math4.exception,DimensionMismatchException,0,25,0,0,0,6,0,3,0,3
Apache Commons Math,org.apache.commons.math4.exception,NumberIsTooSmallException,0,34,0,2,0,8,0,5,0,4
Apache Commons Math,org.apache.commons.math4.exception,MathParseException,18,23,0,0,4,4,1,1,1,1
Apache Commons Math,org.apache.commons.math4.exception,MathIllegalArgumentException,0,5,0,0,0,2,0,1,0,1
Apache Commons Math,org.apache.commons.math4.exception,MathUnsupportedOperationException,0,11,0,0,0,4,0,2,0,2
Apache Commons Math,org.apache.commons.math4.exception,InsufficientDataException,0,11,0,0,0,4,0,2,0,2
Apache Commons Math,org.apache.commons.math4.exception,MultiDimensionMismatchException,16,36,0,0,4,6,3,3,3,3
Apache Commons Math,org.apache.commons.math4.filter,DefaultMeasurementModel,11,15,0,0,2,6,1,3,1,3
Apache Commons Math,org.apache.commons.math4.filter,KalmanFilter,79,301,8,22,18,71,11,16,3,9
Apache Commons Math,org.apache.commons.math4.filter,DefaultProcessModel,40,33,0,0,4,12,2,6,2,6
Apache Commons Math,org.apache.commons.math4.linear,Array2DRowFieldMatrix,114,993,9,83,22,177,12,68,4,30
Apache Commons Math,org.apache.commons.math4.linear,EigenDecomposition.Solver,8,337,2,36,2,63,2,23,0,6
Apache Commons Math,org.apache.commons.math4.linear,SymmLQ.State,34,960,9,51,7,171,9,35,0,14
Apache Commons Math,org.apache.commons.math4.linear,SymmLQ,56,198,2,8,13,48,7,10,5,7
Apache Commons Math,org.apache.commons.math4.linear,BlockFieldMatrix,506,3774,34,230,97,634,22,162,2,50
Apache Commons Math,org.apache.commons.math4.linear,SparseRealVector,0,3,0,0,0,1,0,1,0,1
Apache Commons Math,org.apache.commons.math4.linear,IterativeLinearSolver,34,58,0,6,10,17,3,6,3,3
Apache Commons Math,org.apache.commons.math4.linear,OpenMapRealMatrix,76,375,4,20,18,82,4,24,2,14
Apache Commons Math,org.apache.commons.math4.linear,JacobiPreconditioner.new RealLinearOperator() {...},8,20,0,0,2,3,2,2,2,2
Apache Commons Math,org.apache.commons.math4.linear,SparseFieldVector,314,911,36,76,71,207,37,71,11,41
Apache Commons Math,org.apache.commons.math4.linear,RealVector,8,876,0,82,2,210,2,90,2,49
Apache Commons Math,org.apache.commons.math4.linear,DefaultFieldMatrixChangingVisitor,2,10,0,0,1,5,1,3,1,3
Apache Commons Math,org.apache.commons.math4.linear,NonSquareOperatorException,0,6,0,0,0,2,0,1,0,1
Apache Commons Math,org.apache.commons.math4.linear,DiagonalMatrix,3,409,1,37,1,84,1,42,0,24
Apache Commons Math,org.apache.commons.math4.linear,BiDiagonalTransformer,13,987,7,103,3,155,10,55,3,7
Apache Commons Math,org.apache.commons.math4.linear,EigenDecomposition,129,1942,18,146,20,280,16,85,2,17
Apache Commons Math,org.apache.commons.math4.linear,SingularValueDecomposition.new DefaultRealMatrixPreservingVisitor() {...},0,23,0,0,0,3,0,2,0,2
Apache Commons Math,org.apache.commons.math4.linear,AbstractRealMatrix.new DefaultRealMatrixPreservingVisitor() {...},0,30,0,0,0,6,0,3,0,3
Apache Commons Math,org.apache.commons.math4.linear,AbstractRealMatrix.new DefaultRealMatrixChangingVisitor() {...},0,24,0,0,0,2,0,2,0,2
Apache Commons Math,org.apache.commons.math4.linear,AbstractRealMatrix.new RealMatrixPreservingVisitor() {...},0,23,0,0,0,6,0,4,0,4
Apache Commons Math,org.apache.commons.math4.linear,AbstractRealMatrix.new RealMatrixPreservingVisitor() {...},0,44,0,2,0,11,0,5,0,4
Apache Commons Math,org.apache.commons.math4.linear,SparseFieldMatrix,142,114,8,2,29,24,8,10,4,9
Apache Commons Math,org.apache.commons.math4.linear,AbstractRealMatrix.new DefaultRealMatrixPreservingVisitor() {...},0,16,0,0,0,3,0,2,0,2
Apache Commons Math,org.apache.commons.math4.linear,RealVector.Entry,0,29,0,0,0,9,0,5,0,5
Apache Commons Math,org.apache.commons.math4.linear,IterativeLinearSolverEvent,6,5,0,0,2,2,2,1,2,1
Apache Commons Math,org.apache.commons.math4.linear,MatrixUtils.BigFractionMatrixConverter,0,26,0,0,0,7,0,4,0,4
Apache Commons Math,org.apache.commons.math4.linear,RealMatrixFormat,29,372,3,41,11,95,10,30,7,11
Apache Commons Math,org.apache.commons.math4.linear,ArrayRealVector,56,1752,4,140,12,357,6,133,2,65
Apache Commons Math,org.apache.commons.math4.linear,AbstractFieldMatrix,310,1938,39,203,52,375,32,149,4,56
Apache Commons Math,org.apache.commons.math4.linear,FieldLUDecomposition,11,472,2,52,0,82,2,32,0,7
Apache Commons Math,org.apache.commons.math4.linear,PreconditionedIterativeLinearSolver,14,87,0,6,4,21,2,9,2,6
Apache Commons Math,org.apache.commons.math4.linear,SingularMatrixException,0,6,0,0,0,2,0,1,0,1
Apache Commons Math,org.apache.commons.math4.linear,RealLinearOperator,6,3,0,0,2,1,2,1,2,1
Apache Commons Math,org.apache.commons.math4.linear,JacobiPreconditioner,7,106,1,7,1,23,1,9,0,6
Apache Commons Math,org.apache.commons.math4.linear,MatrixUtils.FractionMatrixConverter,0,26,0,0,0,7,0,4,0,4
Apache Commons Math,org.apache.commons.math4.linear,QRDecomposition,0,449,0,42,0,77,0,30,0,9
Apache Commons Math,org.apache.commons.math4.linear,MatrixUtils,227,1098,42,116,52,231,36,81,2,36
Apache Commons Math,org.apache.commons.math4.linear,Array2DRowRealMatrix,30,1107,7,93,5,208,7,77,0,34
Apache Commons Math,org.apache.commons.math4.linear,TriDiagonalTransformer,3,568,0,46,1,88,1,30,1,7
Apache Commons Math,org.apache.commons.math4.linear,CholeskyDecomposition,0,229,0,22,0,45,0,17,0,6
Apache Commons Math,org.apache.commons.math4.linear,NonPositiveDefiniteOperatorException,0,6,0,0,0,2,0,1,0,1
Apache Commons Math,org.apache.commons.math4.linear,FieldLUDecomposition.Solver,11,517,2,52,2,80,2,31,0,6
Apache Commons Math,org.apache.commons.math4.linear,AbstractRealMatrix,243,1721,26,172,42,331,22,131,5,49
Apache Commons Math,org.apache.commons.math4.linear,RealVector.SparseEntryIterator,9,84,2,12,3,19,3,9,1,4
Apache Commons Math,org.apache.commons.math4.linear,SingularOperatorException,6,0,0,0,2,0,1,0,1,0
Apache Commons Math,org.apache.commons.math4.linear,RealVectorFormat,18,227,0,22,7,58,5,21,5,10
Apache Commons Math,org.apache.commons.math4.linear,SchurTransformer,9,1368,7,83,2,189,7,48,0,10
Apache Commons Math,org.apache.commons.math4.linear,DefaultRealMatrixChangingVisitor,2,6,0,0,1,3,1,3,1,3
Apache Commons Math,org.apache.commons.math4.linear,LUDecomposition.Solver,0,335,0,38,0,55,0,24,0,5
Apache Commons Math,org.apache.commons.math4.linear,RealVector.new RealVector() {...},10,199,0,0,2,43,2,41,2,41
Apache Commons Math,org.apache.commons.math4.linear,MatrixDimensionMismatchException,0,44,0,0,0,8,0,5,0,5
Apache Commons Math,org.apache.commons.math4.linear,RealVector.new Iterator() {...},0,54,0,4,0,9,0,6,0,4
Apache Commons Math,org.apache.commons.math4.linear,ConjugateGradient,18,227,3,15,7,61,5,8,2,2
Apache Commons Math,org.apache.commons.math4.linear,DefaultIterativeLinearSolverEvent,11,49,3,1,2,17,3,6,1,6
Apache Commons Math,org.apache.commons.math4.linear,IllConditionedOperatorException,11,0,0,0,2,0,1,0,1,0
Apache Commons Math,org.apache.commons.math4.linear,QRDecomposition.Solver,0,548,0,44,0,90,0,28,0,6
Apache Commons Math,org.apache.commons.math4.linear,NonSelfAdjointOperatorException,0,6,0,0,0,2,0,1,0,1
Apache Commons Math,org.apache.commons.math4.linear,DefaultRealMatrixPreservingVisitor,1,6,0,0,1,3,1,3,1,3
Apache Commons Math,org.apache.commons.math4.linear,OpenMapRealVector.OpenMapSparseIterator,5,29,0,0,1,7,1,3,1,3
Apache Commons Math,org.apache.commons.math4.linear,OpenMapRealVector.OpenMapEntry,10,18,0,0,2,5,1,3,1,3
Apache Commons Math,org.apache.commons.math4.linear,NonSymmetricMatrixException,9,30,0,0,3,5,3,1,3,1
Apache Commons Math,org.apache.commons.math4.linear,LUDecomposition,0,440,0,54,0,85,0,35,0,8
Apache Commons Math,org.apache.commons.math4.linear,NonSquareMatrixException,0,6,0,0,0,2,0,1,0,1
Apache Commons Math,org.apache.commons.math4.linear,RRQRDecomposition,0,211,1,19,0,48,1,16,0,7
Apache Commons Math,org.apache.commons.math4.linear,OpenMapRealVector,90,1061,7,117,22,269,10,99,4,43
Apache Commons Math,org.apache.commons.math4.linear,RealVector.2.UnmodifiableEntry,0,18,0,0,0,3,0,3,0,3
Apache Commons Math,org.apache.commons.math4.linear,NonPositiveDefiniteMatrixException,9,37,0,0,3,7,3,1,3,1
Apache Commons Math,org.apache.commons.math4.linear,BlockRealMatrix,194,4078,14,264,38,690,11,182,1,53
Apache Commons Math,org.apache.commons.math4.linear,DefaultFieldMatrixPreservingVisitor,1,10,0,0,1,5,1,3,1,3
Apache Commons Math,org.apache.commons.math4.linear,RRQRDecomposition.Solver,7,29,0,0,1,7,1,4,1,4
Apache Commons Math,org.apache.commons.math4.linear,CholeskyDecomposition.Solver,9,284,0,28,2,46,2,17,2,3
Apache Commons Math,org.apache.commons.math4.linear,AbstractFieldMatrix.new DefaultFieldMatrixPreservingVisitor() {...},0,17,0,0,0,3,0,2,0,2
Apache Commons Math,org.apache.commons.math4.linear,AbstractFieldMatrix.new DefaultFieldMatrixPreservingVisitor() {...},0,31,0,0,0,6,0,3,0,3
Apache Commons Math,org.apache.commons.math4.linear,AbstractFieldMatrix.new DefaultFieldMatrixChangingVisitor() {...},0,25,0,0,0,2,0,2,0,2
Apache Commons Math,org.apache.commons.math4.linear,RectangularCholeskyDecomposition,26,300,2,26,2,54,2,16,0,4
Apache Commons Math,org.apache.commons.math4.linear,ArrayFieldVector,363,1557,18,96,69,286,18,108,4,65
Apache Commons Math,org.apache.commons.math4.linear,SingularValueDecomposition,26,1972,13,171,4,271,14,92,1,12
Apache Commons Math,org.apache.commons.math4.linear,HessenbergTransformer,3,503,3,51,1,76,4,29,1,5
Apache Commons Math,org.apache.commons.math4.linear,RealVector.2.new Iterator() {...},4,31,0,0,1,5,1,3,1,3
Apache Commons Math,org.apache.commons.math4.linear,RealVector.2.new Iterator() {...},4,31,0,0,1,5,1,3,1,3
Apache Commons Math,org.apache.commons.math4.linear,SingularValueDecomposition.Solver,0,76,0,6,0,16,0,8,0,5
Apache Commons Math,org.apache.commons.math4.fitting,HarmonicCurveFitter,7,104,0,4,1,27,1,7,1,5
Apache Commons Math,org.apache.commons.math4.fitting,GaussianCurveFitter,0,111,0,4,0,28,0,8,0,6
Apache Commons Math,org.apache.commons.math4.fitting,SimpleCurveFitter,20,84,0,2,3,24,2,4,2,3
Apache Commons Math,org.apache.commons.math4.fitting,HarmonicCurveFitter.ParameterGuesser,4,478,2,28,1,95,2,18,0,5
Apache Commons Math,org.apache.commons.math4.fitting,PolynomialCurveFitter,11,99,1,3,2,26,2,6,1,5
Apache Commons Math,org.apache.commons.math4.fitting,WeightedObservedPoints,0,41,0,0,0,11,0,6,0,6
Apache Commons Math,org.apache.commons.math4.fitting,AbstractCurveFitter.TheoreticalValuesFunction,0,43,0,2,0,11,0,4,0,3
Apache Commons Math,org.apache.commons.math4.fitting,GaussianCurveFitter.new Gaussian.Parametric() {...},0,38,0,0,0,11,0,3,0,3
Apache Commons Math,org.apache.commons.math4.fitting,AbstractCurveFitter,0,16,0,0,0,3,0,3,0,3
Apache Commons Math,org.apache.commons.math4.fitting,AbstractCurveFitter.TheoreticalValuesFunction.new MultivariateVectorFunction() {...},0,36,0,2,0,6,0,3,0,2
Apache Commons Math,org.apache.commons.math4.fitting,AbstractCurveFitter.TheoreticalValuesFunction.new MultivariateMatrixFunction() {...},0,36,0,2,0,6,0,3,0,2
Apache Commons Math,org.apache.commons.math4.fitting,GaussianCurveFitter.ParameterGuesser.new Comparator() {...},30,22,10,4,10,7,7,2,0,2
Apache Commons Math,org.apache.commons.math4.fitting,GaussianCurveFitter.ParameterGuesser,21,324,6,28,5,55,6,19,0,8
Apache Commons Math,org.apache.commons.math4.fitting,WeightedObservedPoint,0,21,0,0,0,8,0,4,0,4
Apache Commons Math,org.apache.commons.math4.dfp,DfpMath,180,1679,40,154,34,337,29,88,1,19
Apache Commons Math,org.apache.commons.math4.dfp,DfpDec,125,563,12,100,25,109,22,56,10,9
Apache Commons Math,org.apache.commons.math4.dfp,Dfp,383,5227,84,696,87,1011,85,425,5,108
Apache Commons Math,org.apache.commons.math4.dfp,DfpField.RoundingMode,0,84,0,0,0,9,0,1,0,1
Apache Commons Math,org.apache.commons.math4.dfp,DfpField,38,748,7,39,11,156,17,46,10,30
Apache Commons Math,org.apache.commons.math4.ode.events,FieldEventState.new RealFieldUnivariateFunction() {...},0,18,0,0,0,2,0,2,0,2
Apache Commons Math,org.apache.commons.math4.ode.events,FieldEventState,166,379,27,37,22,72,21,22,3,8
Apache Commons Math,org.apache.commons.math4.ode.events,FilterType.new FilterType() {...},8,112,2,36,2,39,2,24,0,3
Apache Commons Math,org.apache.commons.math4.ode.events,FilterType.new FilterType() {...},8,112,2,36,2,39,2,24,0,3
Apache Commons Math,org.apache.commons.math4.ode.events,Transformer,0,54,0,0,0,6,0,1,0,1
Apache Commons Math,org.apache.commons.math4.ode.events,EventState,53,551,10,64,8,106,12,38,3,10
Apache Commons Math,org.apache.commons.math4.ode.events,Action,0,44,0,0,0,5,0,1,0,1
Apache Commons Math,org.apache.commons.math4.ode.events,EventHandler.Action,0,44,0,0,0,5,0,1,0,1
Apache Commons Math,org.apache.commons.math4.ode.events,EventState.new UnivariateFunction() {...},6,24,0,0,2,3,0,2,0,2
Apache Commons Math,org.apache.commons.math4.ode.events,EventState.LocalMaxCountExceededException,9,0,0,0,4,0,2,0,2,0
Apache Commons Math,org.apache.commons.math4.ode.events,EventFilter,24,237,2,20,4,42,3,13,1,4
Apache Commons Math,org.apache.commons.math4.ode.events,FilterType,0,24,0,0,0,3,0,1,0,1
Apache Commons Math,org.apache.commons.math4.ode.events,Transformer.new Transformer() {...},0,13,0,0,0,2,0,2,0,2
Apache Commons Math,org.apache.commons.math4.ode.events,Transformer.new Transformer() {...},0,14,0,0,0,2,0,2,0,2
Apache Commons Math,org.apache.commons.math4.ode.events,Transformer.new Transformer() {...},0,9,0,0,0,2,0,2,0,2
Apache Commons Math,org.apache.commons.math4.ode.events,Transformer.new Transformer() {...},0,8,0,0,0,2,0,2,0,2
Apache Commons Math,org.apache.commons.math4.ode.events,Transformer.new Transformer() {...},0,8,0,0,0,2,0,2,0,2
Apache Commons Math,org.apache.commons.math4.ode,FieldEquationsMapper,0,355,0,26,0,61,0,22,0,9
Apache Commons Math,org.apache.commons.math4.ode,FieldODEState,0,106,0,10,0,19,0,14,0,9
Apache Commons Math,org.apache.commons.math4.ode,JacobianMatrices.MismatchedEquations,6,0,0,0,2,0,1,0,1,0
Apache Commons Math,org.apache.commons.math4.ode,MultistepFieldIntegrator.InitializationCompletedMarkerException,0,5,0,0,0,2,0,1,0,1
Apache Commons Math,org.apache.commons.math4.ode,AbstractParameterizable,16,59,0,8,5,13,2,7,2,3
Apache Commons Math,org.apache.commons.math4.ode,JacobianMatrices.JacobiansSecondaryEquations,9,252,5,21,1,39,5,11,0,3
Apache Commons Math,org.apache.commons.math4.ode,ContinuousOutputModel,22,537,3,45,3,110,5,32,2,11
Apache Commons Math,org.apache.commons.math4.ode,AbstractFieldIntegrator.new Comparator() {...},0,20,0,0,0,2,0,2,0,2
Apache Commons Math,org.apache.commons.math4.ode,AbstractFieldIntegrator,15,552,6,44,3,123,8,46,2,27
Apache Commons Math,org.apache.commons.math4.ode,FirstOrderConverter,0,75,0,0,0,14,0,3,0,3
Apache Commons Math,org.apache.commons.math4.ode,UnknownParameterException,0,16,0,0,0,4,0,2,0,2
Apache Commons Math,org.apache.commons.math4.ode,ParameterJacobianWrapper,9,113,2,6,2,22,3,5,1,3
Apache Commons Math,org.apache.commons.math4.ode,MultistepIntegrator.new FirstOrderDifferentialEquations() {...},19,0,0,0,4,0,3,0,3,0
Apache Commons Math,org.apache.commons.math4.ode,JacobianMatrices,44,358,9,25,9,68,9,19,0,11
Apache Commons Math,org.apache.commons.math4.ode,ExpandableStatefulODE,57,289,4,14,7,58,6,20,2,15
Apache Commons Math,org.apache.commons.math4.ode,ExpandableStatefulODE.SecondaryComponent,0,24,0,0,0,7,0,1,0,1
Apache Commons Math,org.apache.commons.math4.ode,JacobianMatrices.MainStateJacobianWrapper,8,90,1,5,1,18,1,6,0,4
Apache Commons Math,org.apache.commons.math4.ode,MultistepFieldIntegrator,25,246,1,7,7,49,6,12,5,9
Apache Commons Math,org.apache.commons.math4.ode,EquationsMapper,16,43,2,2,2,12,2,5,0,5
Apache Commons Math,org.apache.commons.math4.ode,AbstractIntegrator.new Comparator() {...},0,18,0,0,0,2,0,2,0,2
Apache Commons Math,org.apache.commons.math4.ode,AbstractIntegrator,6,610,2,54,1,134,3,49,1,23
Apache Commons Math,org.apache.commons.math4.ode,MultistepFieldIntegrator.FieldNordsieckInitializer,0,201,0,6,0,28,0,6,0,3
Apache Commons Math,org.apache.commons.math4.ode,MultistepIntegrator.InitializationCompletedMarkerException,0,5,0,0,0,2,0,1,0,1
Apache Commons Math,org.apache.commons.math4.ode,MultistepIntegrator.NordsieckInitializer,54,220,2,8,6,36,2,6,0,3
Apache Commons Math,org.apache.commons.math4.ode,FieldODEStateAndDerivative,0,49,0,2,0,8,0,5,0,4
Apache Commons Math,org.apache.commons.math4.ode,ParameterizedWrapper,35,0,2,0,12,0,8,0,7,0
Apache Commons Math,org.apache.commons.math4.ode,FieldExpandableODE,0,142,0,4,0,28,0,7,0,5
Apache Commons Math,org.apache.commons.math4.ode,ParameterConfiguration,0,19,0,0,0,8,0,4,0,4
Apache Commons Math,org.apache.commons.math4.ode,ContinuousOutputFieldModel,14,619,4,46,2,112,4,30,0,9
Apache Commons Math,org.apache.commons.math4.ode,MultistepIntegrator,36,165,2,2,7,37,6,9,4,9
Apache Commons Math,org.apache.commons.math4.stat,Frequency,32,403,9,41,11,103,8,36,1,18
Apache Commons Math,org.apache.commons.math4.stat,StatUtils,52,410,7,23,10,80,7,42,3,31
Apache Commons Math,org.apache.commons.math4.stat,Frequency.NaturalComparator,0,4,0,0,0,1,0,1,0,1
Apache Commons Math,org.apache.commons.math4.analysis,FunctionUtils,0,139,0,6,0,25,0,19,0,16
Apache Commons Math,org.apache.commons.math4.analysis,FunctionUtils.new UnivariateFunction() {...},0,31,0,0,0,3,0,2,0,2
Apache Commons Math,org.apache.commons.math4.analysis,FunctionUtils.new MultivariateFunction() {...},0,65,0,4,0,8,0,4,0,2
Apache Commons Math,org.apache.commons.math4.analysis,FunctionUtils.new UnivariateDifferentiableFunction() {...},0,70,0,4,0,9,0,5,0,3
Apache Commons Math,org.apache.commons.math4.analysis,FunctionUtils.new MultivariateDifferentiableFunction() {...},0,141,0,10,0,23,0,8,0,3
Apache Commons Math,org.apache.commons.math4.analysis,FunctionUtils.new UnivariateFunction() {...},0,16,0,0,0,2,0,2,0,2
Apache Commons Math,org.apache.commons.math4.analysis,FunctionUtils.new UnivariateDifferentiableFunction() {...},27,33,2,2,4,5,2,3,1,2
Apache Commons Math,org.apache.commons.math4.analysis,FunctionUtils.new UnivariateFunction() {...},0,24,0,0,0,2,0,2,0,2
Apache Commons Math,org.apache.commons.math4.analysis,FunctionUtils.new MultivariateFunction() {...},0,45,0,2,0,5,0,3,0,2
Apache Commons Math,org.apache.commons.math4.analysis,FunctionUtils.new UnivariateFunction() {...},0,16,0,0,0,2,0,2,0,2
Apache Commons Math,org.apache.commons.math4.analysis,FunctionUtils.new UnivariateDifferentiableFunction() {...},21,27,2,2,4,5,2,3,1,2
Apache Commons Math,org.apache.commons.math4.analysis,FunctionUtils.new UnivariateFunction() {...},0,33,0,2,0,5,0,3,0,2
Apache Commons Math,org.apache.commons.math4.analysis,FunctionUtils.new UnivariateDifferentiableFunction() {...},27,33,2,2,4,5,2,3,1,2
Apache Commons Math,org.apache.commons.math4.analysis,FunctionUtils.new UnivariateFunction() {...},0,33,0,2,0,5,0,3,0,2
Apache Commons Math,org.apache.commons.math4.analysis,FunctionUtils.new UnivariateFunction() {...},0,27,0,2,0,5,0,3,0,2
Apache Commons Math,org.apache.commons.math4.analysis.differentiation,SparseGradient,23,1794,6,106,4,247,6,125,0,75
Apache Commons Math,org.apache.commons.math4.analysis.differentiation,DerivativeStructure,0,1750,2,68,0,304,2,116,0,83
Apache Commons Math,org.apache.commons.math4.analysis.differentiation,GradientFunction,0,68,0,4,0,14,0,4,0,2
Apache Commons Math,org.apache.commons.math4.analysis.differentiation,DerivativeStructure.new Field() {...},0,34,0,0,0,4,0,4,0,4
Apache Commons Math,org.apache.commons.math4.analysis.differentiation,SparseGradient.new Field() {...},0,14,0,0,0,4,0,4,0,4
Apache Commons Math,org.apache.commons.math4.analysis.differentiation,JacobianFunction,0,82,0,6,0,15,0,5,0,2
Apache Commons Math,org.apache.commons.math4.analysis.differentiation,DSCompiler,6,3693,1,299,2,577,1,198,0,49
Apache Commons Math,org.apache.commons.math4.analysis.differentiation,FiniteDifferencesDifferentiator.new UnivariateDifferentiableFunction() {...},0,82,0,4,0,9,0,5,0,3
Apache Commons Math,org.apache.commons.math4.analysis.differentiation,FiniteDifferencesDifferentiator.new UnivariateDifferentiableMatrixFunction() {...},0,157,0,14,0,18,0,10,0,3
Apache Commons Math,org.apache.commons.math4.analysis.differentiation,FiniteDifferencesDifferentiator.new UnivariateDifferentiableVectorFunction() {...},0,121,0,10,0,16,0,8,0,3
Apache Commons Math,org.apache.commons.math4.analysis.differentiation,DerivativeStructure.DataTransferObject,0,22,0,0,0,6,0,2,0,2
Apache Commons Math,org.apache.commons.math4.analysis.differentiation,FiniteDifferencesDifferentiator,0,248,0,14,0,42,0,15,0,8
Apache Commons Math,org.apache.commons.math4.transform,DstNormalization,0,24,0,0,0,3,0,1,0,1
Apache Commons Math,org.apache.commons.math4.transform,FastFourierTransformer,30,1243,9,42,4,143,9,25,0,8
Apache Commons Math,org.apache.commons.math4.transform,TransformUtils,61,224,6,8,10,21,6,7,2,4
Apache Commons Math,org.apache.commons.math4.transform,TransformType,0,24,0,0,0,3,0,1,0,1
Apache Commons Math,org.apache.commons.math4.transform,FastSineTransformer,0,247,0,14,0,40,0,11,0,4
Apache Commons Math,org.apache.commons.math4.transform,FastCosineTransformer,0,303,0,14,0,44,0,11,0,4
Apache Commons Math,org.apache.commons.math4.transform,DftNormalization,0,24,0,0,0,3,0,1,0,1
Apache Commons Math,org.apache.commons.math4.transform,DctNormalization,0,24,0,0,0,3,0,1,0,1
Apache Commons Math,org.apache.commons.math4.transform,FastHadamardTransformer,21,208,1,17,3,39,2,13,1,5
Apache Commons Math,org.apache.commons.math4.optim.nonlinear.scalar.noderiv,PowellOptimizer,22,402,4,32,3,89,4,22,0,8
Apache Commons Math,org.apache.commons.math4.optim.nonlinear.scalar.noderiv,SimplexOptimizer,4,156,4,20,1,39,4,14,0,6
Apache Commons Math,org.apache.commons.math4.optim.nonlinear.scalar.noderiv,CMAESOptimizer.FitnessFunction,43,143,7,15,9,27,5,11,1,4
Apache Commons Math,org.apache.commons.math4.optim.nonlinear.scalar.noderiv,BOBYQAOptimizer.PathIsExploredException,12,0,0,0,2,0,1,0,1,0
Apache Commons Math,org.apache.commons.math4.optim.nonlinear.scalar.noderiv,CMAESOptimizer.Sigma,0,35,0,4,0,7,0,4,0,2
Apache Commons Math,org.apache.commons.math4.optim.nonlinear.scalar.noderiv,CMAESOptimizer,188,2453,35,183,35,378,31,118,5,35
Apache Commons Math,org.apache.commons.math4.optim.nonlinear.scalar.noderiv,NelderMeadSimplex,10,408,1,31,3,82,2,23,1,8
Apache Commons Math,org.apache.commons.math4.optim.nonlinear.scalar.noderiv,CMAESOptimizer.DoubleIndex,36,15,6,0,7,5,5,2,2,2
Apache Commons Math,org.apache.commons.math4.optim.nonlinear.scalar.noderiv,CMAESOptimizer.ValuePenaltyPair,0,9,0,0,0,4,0,1,0,1
Apache Commons Math,org.apache.commons.math4.optim.nonlinear.scalar.noderiv,MultiDirectionalSimplex,7,173,0,8,2,42,1,13,1,9
Apache Commons Math,org.apache.commons.math4.optim.nonlinear.scalar.noderiv,CMAESOptimizer.PopulationSize,6,11,1,1,1,5,1,2,0,2
Apache Commons Math,org.apache.commons.math4.optim.nonlinear.scalar.noderiv,SimplexOptimizer.new Comparator() {...},0,30,0,2,0,4,0,3,0,2
Apache Commons Math,org.apache.commons.math4.optim.nonlinear.scalar.noderiv,BOBYQAOptimizer,922,5971,105,519,157,1027,90,243,1,12
Apache Commons Math,org.apache.commons.math4.optim.nonlinear.scalar.noderiv,SimplexOptimizer.new MultivariateFunction() {...},0,11,0,0,0,2,0,2,0,2
Apache Commons Math,org.apache.commons.math4.optim.nonlinear.scalar.noderiv,AbstractSimplex,98,379,13,41,14,75,14,27,1,13
Apache Commons Math,org.apache.commons.math4.geometry.euclidean.threed,NotARotationMatrixException,0,5,0,0,0,2,0,1,0,1
Apache Commons Math,org.apache.commons.math4.geometry.euclidean.threed,PolyhedronsSet.FacetsContributionVisitor,0,102,0,8,0,26,0,11,0,7
Apache Commons Math,org.apache.commons.math4.geometry.euclidean.threed,SphericalCoordinates.DataTransferObject,0,25,0,0,0,6,0,2,0,2
Apache Commons Math,org.apache.commons.math4.geometry.euclidean.threed,RotationOrder,0,124,0,0,0,22,0,6,0,6
Apache Commons Math,org.apache.commons.math4.geometry.euclidean.threed,PolyhedronsSet.TranslationTransform,0,60,0,2,0,15,0,5,0,4
Apache Commons Math,org.apache.commons.math4.geometry.euclidean.threed,Cartesian3D,5,982,0,46,1,141,1,71,1,48
Apache Commons Math,org.apache.commons.math4.geometry.euclidean.threed,Vector3D,0,3,0,0,0,1,0,1,0,1
Apache Commons Math,org.apache.commons.math4.geometry.euclidean.threed,SubPlane,0,182,1,11,0,32,1,8,0,3
Apache Commons Math,org.apache.commons.math4.geometry.euclidean.threed,Euclidean3D,0,8,0,0,0,4,0,4,0,4
Apache Commons Math,org.apache.commons.math4.geometry.euclidean.threed,FieldRotation,0,5846,3,191,0,548,3,143,0,49
Apache Commons Math,org.apache.commons.math4.geometry.euclidean.threed,Line,28,274,4,12,6,47,8,22,4,18
Apache Commons Math,org.apache.commons.math4.geometry.euclidean.threed,SubLine,0,154,0,14,0,28,0,13,0,6
Apache Commons Math,org.apache.commons.math4.geometry.euclidean.threed,Rotation,0,3885,3,187,0,486,3,125,0,33
Apache Commons Math,org.apache.commons.math4.geometry.euclidean.threed,SphericalCoordinates,0,1484,2,2,0,117,2,11,0,11
Apache Commons Math,org.apache.commons.math4.geometry.euclidean.threed,Plane,92,578,3,19,21,91,9,37,6,29
Apache Commons Math,org.apache.commons.math4.geometry.euclidean.threed,OutlineExtractor.BoundaryProjector,329,0,34,0,63,0,23,0,6,0
Apache Commons Math,org.apache.commons.math4.geometry.euclidean.threed,RotationConvention,0,24,0,0,0,3,0,1,0,1
Apache Commons Math,org.apache.commons.math4.geometry.euclidean.threed,Segment,0,21,0,0,0,8,0,4,0,4
Apache Commons Math,org.apache.commons.math4.geometry.euclidean.threed,PolyhedronsSet,11,956,10,88,2,146,9,56,0,16
Apache Commons Math,org.apache.commons.math4.geometry.euclidean.threed,OutlineExtractor,192,0,14,0,34,0,10,0,3,0
Apache Commons Math,org.apache.commons.math4.geometry.euclidean.threed,CardanEulerSingularityException,0,10,0,2,0,2,0,2,0,1
Apache Commons Math,org.apache.commons.math4.geometry.euclidean.threed,Vector3DFormat,15,93,1,3,4,19,2,9,1,8
Apache Commons Math,org.apache.commons.math4.geometry.euclidean.threed,PolyhedronsSet.RotationTransform,0,119,0,2,0,25,0,5,0,4
Apache Commons Math,org.apache.commons.math4.geometry.euclidean.threed,SphereGenerator,0,660,0,8,0,62,0,7,0,3
Apache Commons Math,org.apache.commons.math4.geometry.euclidean.threed,Euclidean3D.LazyHolder,0,6,0,0,0,1,0,1,0,1
Apache Commons Math,org.apache.commons.math4.geometry.euclidean.threed,FieldVector3D,0,2021,0,72,0,259,0,118,0,82
Apache Commons Math,org.apache.commons.math4.distribution.fitting,MultivariateNormalMixtureExpectationMaximization.DataRow,21,47,4,2,6,9,4,4,2,3
Apache Commons Math,org.apache.commons.math4.distribution.fitting,MultivariateNormalMixtureExpectationMaximization,26,634,3,51,3,108,3,30,0,6
